station_id,target_timestamp,horizon_hours,temp_true,temp_pred,temp_persist,hi_true,hi_pred,rain_true,rain_prob,rain_pred,wind_u_true,wind_u_pred,wind_v_true,wind_v_pred,precip_true,precip_pred
03pqkGAj,2026-08-19T12:00:00+00:00,12,25.478,24.086,25.244,26.77,25.161,1,0.6534,1,-0.9906,-0.951,0.137,0.3093,0.33,0.446
03pqkGAj,2026-08-19T13:00:00+00:00,12,25.364,24.555,26.267,26.42,25.677,1,0.6748,1,-0.6391,-0.8866,-0.7691,-0.4625,0.22,0.485
03pqkGAj,2026-08-19T14:00:00+00:00,12,25.438,24.448,26.49,26.65,25.559,0,0.6821,1,-0.9193,-0.7263,0.3936,-0.6874,0.0,0.486
03pqkGAj,2026-08-19T15:00:00+00:00,12,25.489,24.364,26.427,26.8,25.467,1,0.6849,1,-0.8603,0.4273,-0.5098,-0.9041,0.11,0.479
03pqkGAj,2026-08-19T16:00:00+00:00,12,25.259,24.12,26.352,26.12,25.199,0,0.6972,1,-0.9965,-0.935,-0.0841,-0.3547,0.0,0.504
03pqkGAj,2026-08-19T17:00:00+00:00,12,25.174,24.217,26.157,25.87,25.306,0,0.6638,1,0.9982,-0.935,-0.0606,0.3547,0.0,0.437
03pqkGAj,2026-08-19T18:00:00+00:00,12,25.357,23.986,25.94,26.4,25.051,0,0.6754,1,0.9942,-0.9675,-0.1079,0.2529,0.0,0.46
03pqkGAj,2026-08-19T19:00:00+00:00,12,25.304,24.45,26.374,26.24,25.562,0,0.6692,1,0.8207,-0.9192,-0.5713,0.3939,0.0,0.456
03pqkGAj,2026-08-19T20:00:00+00:00,12,25.562,25.088,25.829,27.02,26.237,1,0.2019,1,-0.9788,-0.8121,-0.2047,-0.5835,0.33,0.325
03pqkGAj,2026-08-19T21:00:00+00:00,12,25.189,24.938,25.254,25.94,26.056,0,0.5973,1,-0.7861,-0.9973,0.6181,-0.0728,0.0,0.323
03pqkGAj,2026-08-19T22:00:00+00:00,12,25.552,26.746,25.092,26.98,30.938,0,0.1778,0,-0.6949,-0.7953,0.7191,0.6062,0.0,0.303
03pqkGAj,2026-08-19T23:00:00+00:00,12,26.93,27.466,25.231,31.13,32.922,0,0.1681,0,-0.7031,0.1344,-0.7111,0.9909,0.0,0.288
03pqkGAj,2026-08-20T00:00:00+00:00,12,27.772,27.581,25.478,34.16,33.248,1,0.5793,1,-0.7641,-0.7611,-0.6451,0.6486,0.549,0.314
03pqkGAj,2026-08-20T01:00:00+00:00,12,30.375,27.833,25.364,42.75,34.078,0,0.593,1,-0.9974,-0.8239,-0.0727,-0.5667,0.0,0.345
03pqkGAj,2026-08-20T02:00:00+00:00,12,31.368,28.723,25.438,45.53,36.344,0,0.1616,0,-0.5306,-0.5464,-0.8476,0.8375,0.0,0.283
03pqkGAj,2026-08-20T03:00:00+00:00,12,25.331,28.809,25.489,26.38,36.439,1,0.5834,1,-0.5293,-0.9889,-0.8484,0.1487,2.747,0.335
03pqkGAj,2026-08-20T04:00:00+00:00,12,26.816,29.035,25.259,30.67,37.05,1,0.1721,0,-0.9028,-0.7802,0.4301,0.6255,3.077,0.314
03pqkGAj,2026-08-20T05:00:00+00:00,12,32.146,28.875,25.174,49.12,36.689,0,0.1728,0,0.0459,0.9256,-0.9989,0.3784,0.0,0.311
03pqkGAj,2026-08-20T06:00:00+00:00,12,30.529,28.936,25.357,42.6,37.092,0,0.1792,0,-0.8314,0.9365,-0.5557,0.3507,0.0,0.325
03pqkGAj,2026-08-20T07:00:00+00:00,12,32.27,28.295,25.304,49.75,35.377,0,0.1835,0,-0.5509,1.0,-0.8346,-0.0085,0.0,0.327
03pqkGAj,2026-08-20T08:00:00+00:00,12,29.836,27.653,25.562,40.08,33.596,0,0.6118,1,0.2898,-0.8989,-0.9571,0.4381,0.0,0.388
03pqkGAj,2026-08-20T09:00:00+00:00,12,28.305,26.47,25.189,35.05,29.554,0,0.2143,1,0.3717,-0.4275,-0.9283,0.904,0.0,0.386
03pqkGAj,2026-08-20T10:00:00+00:00,12,26.683,25.107,25.552,30.34,26.244,0,0.2491,1,-0.9839,-0.3908,0.1788,0.9205,0.0,0.45
03pqkGAj,2026-08-20T11:00:00+00:00,12,26.786,25.492,26.93,30.7,26.807,0,0.2468,1,-0.9893,-0.7756,-0.1456,-0.6312,0.0,0.427
03pqkGAj,2026-08-20T12:00:00+00:00,12,26.392,25.476,27.772,29.5,26.756,0,0.6741,1,0.9996,-0.8125,0.0277,-0.583,0.0,0.461
03pqkGAj,2026-08-20T13:00:00+00:00,12,26.201,26.463,30.375,28.97,29.959,0,0.2518,1,0.9395,-0.9882,-0.3424,-0.1533,0.0,0.362
03pqkGAj,2026-08-20T14:00:00+00:00,12,25.714,26.399,31.368,27.47,29.739,0,0.2159,1,-0.4539,-0.4961,-0.8911,-0.8683,0.0,0.255
03pqkGAj,2026-08-20T15:00:00+00:00,12,25.482,22.212,25.331,26.78,23.1,0,0.5812,1,0.7373,-0.5092,-0.6756,-0.8607,0.0,0.202
03pqkGAj,2026-08-20T16:00:00+00:00,12,25.345,23.999,26.816,26.37,25.065,0,0.5715,1,0.9473,-0.9341,-0.3203,0.3571,0.0,0.199
1Zb102pg,2026-08-17T09:00:00+00:00,12,27.019,25.582,24.565,30.44,26.495,1,0.2037,1,0.5308,0.5135,-0.8475,0.8581,0.11,0.381
1Zb102pg,2026-08-17T10:00:00+00:00,12,26.495,24.08,24.717,29.21,24.971,0,0.2158,1,0.5583,0.5187,-0.8296,0.855,0.0,0.381
1Zb102pg,2026-08-17T11:00:00+00:00,12,26.172,24.005,25.114,28.46,24.925,1,0.6179,1,-0.2951,0.521,-0.9555,0.8535,0.549,0.374
1Zb102pg,2026-08-17T12:00:00+00:00,12,26.121,23.931,25.289,28.33,24.865,1,0.6255,1,-0.2957,0.4998,-0.9553,0.8662,0.44,0.382
1Zb102pg,2026-08-17T13:00:00+00:00,12,26.008,24.401,26.197,28.05,25.4,0,0.6306,1,-0.2954,0.9823,-0.9554,0.1875,0.0,0.379
1Zb102pg,2026-08-17T14:00:00+00:00,12,25.828,24.081,26.458,27.6,25.074,0,0.6209,1,-0.2954,0.4768,-0.9554,0.879,0.0,0.334
1Zb102pg,2026-08-17T15:00:00+00:00,12,25.6,24.732,27.997,27.04,25.737,0,0.6221,1,0.0491,0.5144,-0.9988,0.8575,0.0,0.313
1Zb102pg,2026-08-17T16:00:00+00:00,12,25.7,24.444,27.921,27.27,25.501,0,0.6126,1,0.0496,0.6117,-0.9988,0.7911,0.0,0.276
1Zb102pg,2026-08-17T17:00:00+00:00,12,25.524,24.434,28.064,26.86,25.421,0,0.1768,0,0.0497,0.6908,-0.9988,0.7231,0.0,0.201
1Zb102pg,2026-08-17T18:00:00+00:00,12,25.552,24.631,28.344,26.93,25.662,1,0.1616,0,-0.03,-0.9924,-0.9996,-0.1229,0.33,0.173
1Zb102pg,2026-08-17T19:00:00+00:00,12,25.353,24.461,27.764,26.46,25.494,1,0.162,0,0.2702,-0.2904,-0.9628,-0.9569,0.989,0.179
1Zb102pg,2026-08-17T20:00:00+00:00,12,25.34,24.664,27.828,26.43,25.627,0,0.1561,0,0.2562,0.9107,-0.9666,0.413,0.0,0.175
1Zb102pg,2026-08-17T21:00:00+00:00,12,25.446,24.613,27.019,26.68,25.603,0,0.5742,1,0.2564,0.5362,-0.9666,-0.8441,0.0,0.224
1Zb102pg,2026-08-17T22:00:00+00:00,12,25.698,25.074,26.495,27.28,26.059,1,0.1703,0,0.1761,0.6688,-0.9844,-0.7435,0.22,0.244
1Zb102pg,2026-08-17T23:00:00+00:00,12,26.207,25.638,26.172,28.45,26.628,1,0.5645,1,0.2073,-0.2191,-0.9783,-0.9757,0.11,0.255
1Zb102pg,2026-08-18T00:00:00+00:00,12,27.119,26.323,26.121,30.28,28.783,0,0.5764,1,0.2073,-0.1745,-0.9783,-0.9847,0.0,0.298
1Zb102pg,2026-08-18T01:00:00+00:00,12,27.947,26.88,26.008,31.86,30.219,0,0.1638,0,0.1748,-0.156,-0.9846,-0.9878,0.0,0.278
1Zb102pg,2026-08-18T02:00:00+00:00,12,28.753,27.291,25.828,33.06,31.035,0,0.1561,0,0.0786,-0.1349,-0.9969,-0.9909,0.0,0.265
1Zb102pg,2026-08-18T03:00:00+00:00,12,30.238,27.766,25.6,35.61,32.049,0,0.1509,0,0.3447,0.463,-0.9387,-0.8864,0.0,0.259
1Zb102pg,2026-08-18T04:00:00+00:00,12,30.154,28.097,25.7,35.7,32.704,0,0.1523,0,0.6885,0.4946,-0.7252,-0.8691,0.0,0.268
1Zb102pg,2026-08-18T05:00:00+00:00,12,30.698,27.977,25.524,36.76,32.41,0,0.1476,0,0.3638,0.4876,-0.9315,-0.8731,0.0,0.256
1Zb102pg,2026-08-18T06:00:00+00:00,12,29.117,27.341,25.552,34.21,31.039,1,0.5768,1,0.9787,0.3811,0.2054,-0.9246,4.066,0.32
1Zb102pg,2026-08-18T07:00:00+00:00,12,28.719,26.716,25.353,33.98,29.721,1,0.5871,1,0.4352,0.6982,-0.9003,-0.7159,3.187,0.337
1Zb102pg,2026-08-18T08:00:00+00:00,12,27.195,26.799,25.34,30.71,29.752,1,0.1775,0,0.5455,0.6761,-0.8381,-0.7368,2.967,0.318
1Zb102pg,2026-08-18T09:00:00+00:00,12,26.818,25.953,25.446,29.9,27.831,0,0.1916,0,0.5869,0.6184,-0.8096,-0.7859,0.0,0.34
1Zb102pg,2026-08-18T10:00:00+00:00,12,26.243,24.814,25.698,28.52,25.757,1,0.6232,1,0.3919,0.4506,-0.92,-0.8927,0.659,0.396
1Zb102pg,2026-08-18T11:00:00+00:00,12,26.184,24.714,26.207,28.37,25.648,0,0.6383,1,-0.2111,0.4345,-0.9775,-0.9007,0.0,0.415
1Zb102pg,2026-08-18T12:00:00+00:00,12,25.996,24.912,27.119,28.01,25.807,1,0.2254,1,-0.0886,0.3114,-0.9961,-0.9503,8.902,0.355
1Zb102pg,2026-08-18T13:00:00+00:00,12,24.769,25.144,27.947,25.13,26.028,1,0.2083,1,0.6146,0.1905,0.7888,-0.9817,11.43,0.294
1Zb102pg,2026-08-18T14:00:00+00:00,12,24.843,25.27,28.753,25.34,26.114,0,0.1961,0,0.3837,0.039,0.9234,-0.9992,0.0,0.249
1Zb102pg,2026-08-18T15:00:00+00:00,12,25.019,25.655,30.238,25.71,26.518,0,0.1766,0,-0.4173,0.19,0.9088,-0.9818,0.0,0.187
1Zb102pg,2026-08-18T16:00:00+00:00,12,25.127,25.066,30.154,25.94,25.957,0,0.1503,0,-0.4685,0.4399,0.8835,-0.898,0.0,0.134
1Zb102pg,2026-08-18T17:00:00+00:00,12,25.454,25.164,30.698,26.7,26.08,1,0.1359,0,-0.4688,0.1315,0.8833,-0.9913,0.22,0.108
1Zb102pg,2026-08-18T18:00:00+00:00,12,25.304,24.792,29.117,26.35,25.715,1,0.532,1,-0.4689,0.9922,0.8833,-0.1247,3.627,0.115
1Zb102pg,2026-08-18T19:00:00+00:00,12,25.544,24.921,28.719,26.91,25.908,1,0.535,1,-0.4688,0.2802,0.8833,-0.9599,1.978,0.126
1Zb102pg,2026-08-18T20:00:00+00:00,12,25.346,24.596,27.195,26.45,25.56,1,0.5435,1,-0.4688,0.4879,0.8833,-0.8729,4.726,0.158
1Zb102pg,2026-08-18T21:00:00+00:00,12,25.255,24.842,26.818,26.23,25.813,1,0.143,0,-0.4974,0.5855,0.8675,-0.8106,3.956,0.174
1Zb102pg,2026-08-18T22:00:00+00:00,12,25.442,25.232,26.243,26.67,26.171,1,0.5492,1,-0.4977,0.5094,0.8674,-0.8605,2.967,0.211
1Zb102pg,2026-08-18T23:00:00+00:00,12,25.689,25.873,26.184,27.26,27.656,1,0.1493,0,-0.4974,-0.1136,0.8675,-0.9935,1.209,0.23
1Zb102pg,2026-08-19T00:00:00+00:00,12,26.094,26.795,25.996,28.25,30.021,1,0.5567,1,-0.7093,0.137,0.7049,-0.9906,2.198,0.257
1Zb102pg,2026-08-19T01:00:00+00:00,12,26.649,25.756,24.769,29.48,27.372,1,0.5514,1,-0.9039,0.5837,0.4277,0.812,0.989,0.238
1Zb102pg,2026-08-19T02:00:00+00:00,12,26.957,26.456,24.843,30.22,28.862,1,0.1551,0,-0.9038,0.4174,0.428,0.9087,1.429,0.267
1Zb102pg,2026-08-19T03:00:00+00:00,12,27.723,28.17,25.019,32.04,32.719,1,0.142,0,-0.8551,-0.0957,0.5184,0.9954,1.099,0.257
1Zb102pg,2026-08-19T04:00:00+00:00,12,28.041,28.598,25.127,32.9,33.771,1,0.1245,0,-0.8554,-0.1388,0.518,0.9903,0.22,0.218
1Zb102pg,2026-08-19T05:00:00+00:00,12,26.901,28.607,25.454,30.2,33.897,1,0.5694,1,-0.6473,-0.1081,0.7623,0.9941,6.154,0.327
1Zb102pg,2026-08-19T06:00:00+00:00,12,26.562,27.835,25.304,29.27,32.124,1,0.5954,1,0.9845,-0.1129,0.1754,0.9936,3.407,0.379
1Zb102pg,2026-08-19T07:00:00+00:00,12,26.758,27.245,25.544,29.68,30.807,1,0.606,1,0.9991,-0.1346,0.0423,0.9909,0.11,0.4
1Zb102pg,2026-08-19T08:00:00+00:00,12,26.427,26.061,25.346,29.0,28.094,1,0.621,1,0.9991,-0.1644,0.0425,0.9864,0.11,0.419
1Zb102pg,2026-08-19T09:00:00+00:00,12,26.481,24.872,25.255,29.13,25.788,0,0.6264,1,0.5553,-0.236,-0.8316,0.9718,0.0,0.413
1Zb102pg,2026-08-19T10:00:00+00:00,12,26.191,24.249,25.442,28.46,25.171,0,0.6389,1,0.5551,-0.2778,-0.8318,0.9606,0.0,0.425
1Zb102pg,2026-08-19T11:00:00+00:00,12,25.953,24.196,25.689,27.85,25.148,0,0.6487,1,0.5549,-0.2899,-0.8319,0.9571,0.0,0.445
1Zb102pg,2026-08-19T12:00:00+00:00,12,26.111,24.342,26.094,28.24,25.311,0,0.6651,1,0.5554,-0.5038,-0.8316,0.8638,0.0,0.474
1Zb102pg,2026-08-19T13:00:00+00:00,12,26.116,24.531,26.649,28.27,25.484,1,0.6616,1,0.5549,-0.7881,-0.8319,0.6155,0.11,0.449
1Zb102pg,2026-08-19T14:00:00+00:00,12,25.95,24.213,26.957,27.87,25.179,0,0.6752,1,0.5554,-0.841,-0.8316,0.5411,0.0,0.454
1Zb102pg,2026-08-19T15:00:00+00:00,12,26.194,24.516,27.723,28.48,25.509,0,0.6668,1,0.5551,-0.8336,-0.8318,0.5523,0.0,0.417
1Zb102pg,2026-08-19T16:00:00+00:00,12,26.05,24.469,28.041,28.12,25.487,1,0.6662,1,0.5555,-0.8626,-0.8315,0.506,0.22,0.399
1Zb102pg,2026-08-19T17:00:00+00:00,12,26.058,24.184,26.901,28.15,25.178,0,0.6505,1,0.5551,-0.5816,-0.8318,0.8135,0.0,0.377
1Zb102pg,2026-08-19T18:00:00+00:00,12,26.131,24.169,26.562,28.33,25.113,1,0.6513,1,0.555,0.9646,-0.8319,0.2636,0.33,0.391
1Zb102pg,2026-08-19T19:00:00+00:00,12,26.281,24.217,26.758,28.7,25.152,1,0.6729,1,0.5553,0.9868,-0.8317,0.1621,0.11,0.445
1Zb102pg,2026-08-19T20:00:00+00:00,12,26.166,24.091,26.427,28.42,25.047,0,0.6739,1,0.5552,0.9818,-0.8317,0.1901,0.0,0.455
1Zb102pg,2026-08-19T21:00:00+00:00,12,26.268,25.081,26.481,28.67,26.045,0,0.2003,1,0.5553,0.7195,-0.8316,-0.6945,0.0,0.319
1Zb102pg,2026-08-19T22:00:00+00:00,12,26.642,26.208,26.191,29.57,28.475,1,0.1918,0,0.5547,0.8308,-0.832,-0.5565,0.22,0.329
1Zb102pg,2026-08-19T23:00:00+00:00,12,26.998,26.242,25.953,30.35,28.487,1,0.1831,0,0.5549,0.8393,-0.8319,-0.5437,4.396,0.313
1Zb102pg,2026-08-20T00:00:00+00:00,12,27.592,27.069,26.111,31.48,30.412,0,0.1653,0,0.6126,0.8549,-0.7904,-0.5188,0.0,0.28
1Zb102pg,2026-08-20T01:00:00+00:00,12,30.945,27.572,26.116,38.02,31.613,0,0.58,1,0.6106,0.8958,-0.792,-0.4444,0.0,0.322
1Zb102pg,2026-08-20T02:00:00+00:00,12,31.145,27.826,25.95,38.87,32.186,0,0.1761,0,0.5302,0.9104,-0.8479,-0.4138,0.0,0.316
1Zb102pg,2026-08-20T03:00:00+00:00,12,32.263,28.504,26.194,39.62,33.885,0,0.1787,0,0.4743,0.9313,0.8803,-0.3642,0.0,0.329
1Zb102pg,2026-08-20T04:00:00+00:00,12,31.418,28.112,26.05,39.16,32.906,0,0.596,1,0.2608,0.9349,-0.9654,-0.3548,0.0,0.369
1Zb102pg,2026-08-20T05:00:00+00:00,12,31.098,28.206,26.058,37.56,33.16,0,0.1898,0,-0.5977,0.9335,-0.8017,-0.3585,0.0,0.355
1Zb102pg,2026-08-20T06:00:00+00:00,12,30.348,27.7,26.131,34.54,32.014,0,0.607,1,0.5605,0.9252,0.8281,-0.3796,0.0,0.391
1Zb102pg,2026-08-20T07:00:00+00:00,12,29.832,26.86,26.281,35.52,30.164,0,0.6295,1,0.4086,0.9057,0.9127,-0.424,0.0,0.438
1Zb102pg,2026-08-20T08:00:00+00:00,12,30.423,26.69,26.166,36.36,29.783,0,0.2124,1,0.9131,0.8856,0.4078,-0.4645,0.0,0.392
1Zb102pg,2026-08-20T09:00:00+00:00,12,29.18,26.198,26.268,33.64,28.473,0,0.225,1,0.991,0.8677,-0.1336,-0.4971,0.0,0.415
1Zb102pg,2026-08-20T10:00:00+00:00,12,28.641,25.199,26.642,32.88,26.186,0,0.646,1,0.9716,0.7857,0.2366,-0.6186,0.0,0.435
1Zb102pg,2026-08-20T11:00:00+00:00,12,28.105,25.392,26.998,32.1,26.376,0,0.638,1,0.9716,0.7528,0.2367,-0.6582,0.0,0.405
1Zb102pg,2026-08-20T12:00:00+00:00,12,27.124,25.388,27.592,30.46,26.336,0,0.2414,1,0.9716,0.7361,0.2368,-0.6769,0.0,0.397
1Zb102pg,2026-08-20T13:00:00+00:00,12,26.673,26.9,30.945,29.43,30.055,0,0.2291,1,0.9716,0.5271,0.2367,-0.8498,0.0,0.312
1Zb102pg,2026-08-20T14:00:00+00:00,12,26.141,26.13,31.145,28.19,28.375,0,0.2046,1,0.9717,0.3437,0.2363,-0.9391,0.0,0.233
1Zb102pg,2026-08-20T15:00:00+00:00,12,26.168,26.214,32.263,28.24,28.45,0,0.1662,0,0.9715,0.5563,0.2369,0.831,0.0,0.148
1Zb102pg,2026-08-20T16:00:00+00:00,12,26.236,25.314,31.418,28.41,26.337,0,0.1417,0,0.9717,0.0386,0.2363,-0.9993,0.0,0.111
1Zb102pg,2026-08-20T17:00:00+00:00,12,26.007,25.07,31.098,27.92,26.001,0,0.1472,0,0.9717,-0.5284,0.2361,-0.849,0.0,0.119
1Zb102pg,2026-08-20T18:00:00+00:00,12,25.942,24.668,30.348,27.78,25.412,0,0.1297,0,0.9716,0.7118,0.2366,0.7024,0.0,0.1
1Zb102pg,2026-08-20T19:00:00+00:00,12,25.729,25.159,29.832,27.32,26.093,0,0.1195,0,0.9718,0.4234,0.2358,0.906,0.0,0.099
1Zb102pg,2026-08-20T20:00:00+00:00,12,25.781,25.786,30.423,27.45,27.44,0,0.1339,0,0.9718,0.9966,0.2359,0.0824,0.0,0.121
1Zb102pg,2026-08-20T21:00:00+00:00,12,25.567,25.884,29.18,26.95,27.568,0,0.1177,0,0.9716,0.9304,0.2365,-0.3666,0.0,0.114
1Zb102pg,2026-08-20T22:00:00+00:00,12,26.712,26.371,28.641,29.72,28.569,0,0.1357,0,0.9717,0.984,0.2361,0.1784,0.0,0.166
1Zb102pg,2026-08-20T23:00:00+00:00,12,28.479,26.739,28.105,33.48,29.377,0,0.1468,0,0.0865,0.9547,-0.9963,0.2975,0.0,0.212
1Zb102pg,2026-08-21T00:00:00+00:00,12,31.801,27.313,27.124,39.12,30.82,0,0.1292,0,0.0893,0.9262,-0.996,0.3771,0.0,0.194
1Zb102pg,2026-08-21T01:00:00+00:00,12,32.685,28.784,26.673,39.71,33.982,0,0.1212,0,0.2663,0.8913,0.9639,0.4533,0.0,0.195
1Zb102pg,2026-08-21T02:00:00+00:00,12,33.197,29.224,26.141,39.38,34.724,0,0.1165,0,0.5037,0.8742,0.8639,0.4855,0.0,0.192
1Zb102pg,2026-08-21T03:00:00+00:00,12,33.808,30.474,26.168,40.0,37.18,0,0.1002,0,0.3831,0.8583,0.9237,0.5132,0.0,0.166
1Zb102pg,2026-08-21T04:00:00+00:00,12,34.416,30.019,26.236,40.56,36.416,0,0.1178,0,0.5865,0.8587,0.8099,0.5124,0.0,0.206
1Zb102pg,2026-08-21T05:00:00+00:00,12,35.228,29.753,26.007,42.23,35.923,0,0.1228,0,0.0876,0.8571,-0.9962,0.5152,0.0,0.218
1Zb102pg,2026-08-21T06:00:00+00:00,12,33.055,29.564,25.942,40.89,35.596,0,0.1281,0,0.293,0.8566,0.9561,0.5159,0.0,0.23
1Zb102pg,2026-08-21T07:00:00+00:00,12,33.96,28.819,25.729,41.8,34.143,0,0.1401,0,0.3848,0.8619,0.923,0.5071,0.0,0.252
1Zb102pg,2026-08-21T08:00:00+00:00,12,32.078,28.371,25.781,38.55,33.247,0,0.1554,0,0.5281,0.8646,0.8492,0.5025,0.0,0.286
1Zb102pg,2026-08-21T09:00:00+00:00,12,31.05,27.332,25.567,37.01,30.902,0,0.1637,0,0.3074,0.8769,0.9516,0.4807,0.0,0.292
1Zb102pg,2026-08-21T10:00:00+00:00,12,30.471,25.827,26.712,36.21,27.602,0,0.2055,1,0.3067,0.9117,0.9518,0.4109,0.0,0.369
1Zb102pg,2026-08-21T11:00:00+00:00,12,30.024,26.158,28.479,34.69,28.371,0,0.2219,1,0.4206,0.1681,0.9072,-0.9858,0.0,0.362
1Zb102pg,2026-08-21T12:00:00+00:00,12,29.463,26.836,31.801,34.14,29.826,0,0.2057,1,0.4213,-0.0177,0.9069,-0.9998,0.0,0.241
1Zb102pg,2026-08-21T13:00:00+00:00,12,29.005,26.258,32.685,33.45,28.475,0,0.1717,0,0.4215,0.1318,0.9068,0.9913,0.0,0.152
1Zb102pg,2026-08-21T14:00:00+00:00,12,28.632,25.503,33.197,33.19,26.366,0,0.136,0,0.4209,0.7617,0.9071,0.6479,0.0,0.088
1Zb102pg,2026-08-21T15:00:00+00:00,12,27.474,25.443,33.808,31.19,26.308,0,0.123,0,0.421,0.4234,0.9071,0.9059,0.0,0.068
1Zb102pg,2026-08-21T16:00:00+00:00,12,27.505,25.558,34.416,31.23,26.424,0,0.1141,0,0.4206,0.9999,0.9072,-0.0169,0.0,0.057
1Zb102pg,2026-08-21T17:00:00+00:00,12,27.175,25.802,35.228,30.48,27.489,0,0.1032,0,0.4202,-0.14,0.9074,-0.9902,0.0,0.044
1Zb102pg,2026-08-21T18:00:00+00:00,12,27.043,24.695,33.055,30.25,25.699,0,0.0911,0,0.4198,-0.2477,0.9076,0.9688,0.0,0.039
1Zb102pg,2026-08-21T19:00:00+00:00,12,26.257,25.712,33.96,28.5,27.33,0,0.0913,0,0.4199,0.4759,0.9076,0.8795,0.0,0.04
1Zb102pg,2026-08-21T20:00:00+00:00,12,26.562,24.972,32.078,29.2,25.899,0,0.0862,0,0.4202,0.8681,0.9074,0.4964,0.0,0.041
1Zb102pg,2026-08-21T21:00:00+00:00,12,26.605,25.401,31.05,29.26,26.316,0,0.0855,0,0.4206,0.192,0.9073,0.9814,0.0,0.048
1Zb102pg,2026-08-21T22:00:00+00:00,12,27.423,26.747,30.471,31.07,29.48,0,0.0878,0,0.4207,0.2567,0.9072,0.9665,0.0,0.067
1Zb102pg,2026-08-21T23:00:00+00:00,12,28.237,27.934,30.024,33.01,31.287,0,0.1071,0,0.4147,0.4326,0.91,0.9016,0.0,0.124
1Zb102pg,2026-08-22T00:00:00+00:00,12,29.904,28.588,29.463,36.18,32.607,0,0.1089,0,0.9773,0.4353,0.2121,0.9003,0.0,0.152
1Zb102pg,2026-08-22T01:00:00+00:00,12,30.762,30.335,29.005,37.01,35.734,0,0.0991,0,0.8788,0.4389,-0.4772,0.8986,0.0,0.148
1Zb102pg,2026-08-22T02:00:00+00:00,12,32.554,31.225,28.632,40.07,38.108,0,0.0942,0,0.8785,0.4402,-0.4778,0.8979,0.0,0.145
1Zb102pg,2026-08-22T03:00:00+00:00,12,33.619,31.104,27.474,41.61,38.771,0,0.0864,0,0.8505,0.4406,-0.5259,0.8977,0.0,0.132
1Zb102pg,2026-08-22T04:00:00+00:00,12,34.557,31.699,27.505,42.73,39.9,0,0.0864,0,0.5541,0.4415,-0.8325,0.8973,0.0,0.137
1Zb102pg,2026-08-22T05:00:00+00:00,12,32.851,31.771,27.175,39.9,39.962,0,0.0864,0,0.6053,0.4419,-0.796,0.8971,0.0,0.141
1Zb102pg,2026-08-22T06:00:00+00:00,12,28.159,30.935,27.043,33.06,38.495,1,0.0984,0,0.3572,0.4419,-0.934,0.8971,1.978,0.166
1Zb102pg,2026-08-22T07:00:00+00:00,12,26.6,30.38,26.257,29.36,37.368,1,0.1028,0,0.1987,0.4424,0.9801,0.8968,2.967,0.178
1Zb102pg,2026-08-22T08:00:00+00:00,12,26.722,29.667,26.562,29.72,35.951,1,0.126,0,0.1974,0.4434,0.9803,0.8963,3.187,0.23
1Zb102pg,2026-08-22T09:00:00+00:00,12,27.182,28.636,26.605,30.97,33.612,1,0.1455,0,-0.9241,0.4437,0.3822,0.8962,2.638,0.27
1Zb102pg,2026-08-22T10:00:00+00:00,12,26.734,26.273,27.423,29.75,28.544,1,0.2021,1,-0.9238,0.4429,0.3828,0.8966,0.11,0.375
1Zb102pg,2026-08-22T11:00:00+00:00,12,26.647,26.128,28.237,29.58,28.306,0,0.2018,1,-0.9239,0.4342,0.3826,0.9008,0.0,0.333
1Zb102pg,2026-08-22T12:00:00+00:00,12,26.693,26.515,29.904,29.65,29.169,0,0.2075,1,-0.924,0.9913,0.3824,0.1315,0.0,0.296
1Zb102pg,2026-08-22T13:00:00+00:00,12,26.342,26.134,30.762,28.8,28.202,0,0.2007,1,-0.924,0.7304,0.3823,-0.683,0.0,0.241
1Zb102pg,2026-08-22T14:00:00+00:00,12,26.635,26.487,32.554,29.52,29.057,0,0.1795,0,-0.9238,0.6003,0.383,-0.7998,0.0,0.172
1Zb102pg,2026-08-22T15:00:00+00:00,12,26.931,26.243,33.619,30.27,28.561,0,0.152,0,-0.9238,0.4627,0.3829,-0.8865,0.0,0.111
1Zb102pg,2026-08-22T16:00:00+00:00,12,27.166,26.138,34.557,30.95,28.334,1,0.1353,0,-0.924,0.1601,0.3824,-0.9871,1.209,0.081
1Zb102pg,2026-08-22T17:00:00+00:00,12,27.332,24.918,32.851,31.42,25.86,0,0.1135,0,-0.9238,0.1995,0.3829,-0.9799,0.0,0.061
1Zb102pg,2026-08-22T18:00:00+00:00,12,27.46,22.712,28.159,31.75,23.65,1,0.5472,1,-0.9241,0.1296,0.3823,-0.9916,1.209,0.122
1Zb102pg,2026-08-22T19:00:00+00:00,12,27.456,23.107,26.6,31.83,24.057,1,0.5592,1,-0.9239,0.1555,0.3825,0.9878,1.978,0.171
1Zb102pg,2026-08-22T20:00:00+00:00,12,27.401,24.335,26.722,31.63,25.315,0,0.5612,1,-0.9239,0.2009,0.3827,0.9796,0.0,0.199
1Zb102pg,2026-08-22T21:00:00+00:00,12,27.591,25.024,27.182,32.2,26.056,0,0.5864,1,-0.9237,-0.9047,0.383,0.4261,0.0,0.267
1Zb102pg,2026-08-22T22:00:00+00:00,12,27.827,25.326,26.734,32.92,26.309,0,0.5903,1,-0.9242,-0.8333,0.3819,0.5528,0.0,0.311
1Zb102pg,2026-08-22T23:00:00+00:00,12,28.62,26.852,26.647,34.46,30.155,0,0.1591,0,-0.9243,-0.7492,0.3817,0.6624,0.0,0.274
1Zb102pg,2026-08-23T00:00:00+00:00,12,30.276,26.984,26.693,37.7,30.348,0,0.1803,0,-0.9585,-0.7065,0.2852,0.7077,0.0,0.329
1Zb102pg,2026-08-23T01:00:00+00:00,12,30.924,27.2,26.342,38.46,30.738,0,0.1746,0,-0.0616,-0.68,-0.9981,0.7332,0.0,0.317
1Zb102pg,2026-08-23T02:00:00+00:00,12,32.031,28.739,26.635,40.03,34.38,0,0.1695,0,0.6283,-0.6049,-0.778,0.7963,0.0,0.325
1Zb102pg,2026-08-23T03:00:00+00:00,12,32.281,29.625,26.931,40.62,36.535,0,0.1622,0,0.8975,-0.577,-0.4411,0.8167,0.0,0.318
1Zb102pg,2026-08-23T04:00:00+00:00,12,32.835,29.575,27.166,40.49,36.675,0,0.5742,1,0.6578,-0.5783,-0.7532,0.8158,0.0,0.349
1Zb102pg,2026-08-23T05:00:00+00:00,12,26.915,28.723,27.332,30.03,34.722,1,0.1947,0,-0.0811,-0.6105,-0.9967,0.792,2.308,0.391
1Zb102pg,2026-08-23T06:00:00+00:00,12,27.185,26.686,27.46,30.64,30.165,1,0.6378,1,-0.4326,-0.7015,0.9016,0.7126,0.44,0.462
1Zb102pg,2026-08-23T07:00:00+00:00,12,27.221,26.21,27.456,30.68,28.679,0,0.6439,1,-0.432,-0.7395,0.9019,0.6731,0.0,0.459
1Zb102pg,2026-08-23T08:00:00+00:00,12,27.565,25.995,27.401,31.24,28.11,0,0.2453,1,-0.433,-0.7529,0.9014,0.6581,0.0,0.459
1Zb102pg,2026-08-23T09:00:00+00:00,12,27.824,25.9,27.591,32.0,27.892,0,0.2408,1,-0.4323,-0.7873,0.9017,0.6166,0.0,0.436
1Zb102pg,2026-08-23T10:00:00+00:00,12,26.991,25.546,27.827,30.15,26.656,0,0.2446,1,-0.4324,-0.8484,0.9017,0.5294,0.0,0.415
1Zb102pg,2026-08-23T11:00:00+00:00,12,27.142,25.733,28.62,30.46,27.437,0,0.24,1,-0.4329,-0.9025,0.9015,0.4307,0.0,0.379
1Zb102pg,2026-08-23T12:00:00+00:00,12,26.965,26.225,30.276,30.19,28.662,1,0.2368,1,-0.4327,-0.9862,0.9015,0.1658,4.726,0.33
1Zb102pg,2026-08-23T13:00:00+00:00,12,26.734,25.958,30.924,29.74,27.95,1,0.2295,1,-0.4319,-0.1261,0.9019,-0.992,1.099,0.283
1Zb102pg,2026-08-23T14:00:00+00:00,12,26.472,26.149,32.031,29.13,28.388,1,0.2022,1,-0.432,0.3702,0.9019,-0.929,0.22,0.208
1Zb102pg,2026-08-23T15:00:00+00:00,12,26.524,25.681,32.281,29.26,27.274,0,0.1832,0,-0.4321,0.5946,0.9018,-0.804,0.0,0.163
1Zb102pg,2026-08-23T16:00:00+00:00,12,26.522,25.72,32.835,29.27,27.328,1,0.1706,0,-0.4323,0.3089,0.9017,-0.9511,0.11,0.136
1Zb102pg,2026-08-23T17:00:00+00:00,12,26.334,23.188,26.915,28.82,24.127,1,0.5693,1,-0.4326,-0.1302,0.9016,-0.9915,0.22,0.182
1Zb102pg,2026-08-23T18:00:00+00:00,12,26.56,23.892,27.185,29.37,24.836,0,0.5912,1,-0.4322,-0.5015,0.9018,0.8651,0.0,0.239
1Zb102pg,2026-08-23T19:00:00+00:00,12,26.746,24.453,27.221,29.83,25.393,1,0.1764,0,-0.4322,-0.4661,0.9018,0.8847,0.11,0.226
1Zb102pg,2026-08-23T20:00:00+00:00,12,26.705,24.838,27.565,29.73,25.747,0,0.1752,0,-0.4326,-0.4667,0.9016,0.8844,0.0,0.228
1Zb102pg,2026-08-23T21:00:00+00:00,12,27.027,25.26,27.824,30.57,26.214,0,0.1819,0,-0.4321,-0.4339,0.9018,0.901,0.0,0.252
1Zb102pg,2026-08-23T22:00:00+00:00,12,27.44,26.132,26.991,31.71,28.23,0,0.1724,0,-0.4319,-0.265,0.9019,0.9642,0.0,0.286
1Zb102pg,2026-08-23T23:00:00+00:00,12,28.233,26.104,27.142,33.74,28.161,0,0.1864,0,-0.432,-0.2578,0.9019,0.9662,0.0,0.317
1Zb102pg,2026-08-24T00:00:00+00:00,12,29.337,26.701,26.965,36.37,29.628,0,0.5912,1,-0.4842,-0.204,0.8749,0.979,0.0,0.336
1Zb102pg,2026-08-24T01:00:00+00:00,12,30.237,26.892,26.734,37.69,30.15,0,0.5972,1,0.381,-0.173,-0.9246,0.9849,0.0,0.366
1Zb102pg,2026-08-24T02:00:00+00:00,12,31.32,27.782,26.472,39.26,32.142,0,0.5942,1,-0.7989,-0.1272,-0.6014,0.9919,0.0,0.377
1Zb102pg,2026-08-24T03:00:00+00:00,12,32.217,28.627,26.524,41.06,34.105,1,0.1674,0,0.304,-0.1199,-0.9527,0.9928,0.11,0.32
1Zb102pg,2026-08-24T04:00:00+00:00,12,29.898,28.385,26.522,35.91,33.608,0,0.5997,1,-0.0357,-0.1015,-0.9994,0.9948,0.0,0.403
1Zb102pg,2026-08-24T05:00:00+00:00,12,29.165,26.421,26.334,35.48,28.99,1,0.6263,1,-0.0361,-0.1498,-0.9993,0.9887,0.33,0.438
1Zb102pg,2026-08-24T06:00:00+00:00,12,27.026,26.316,26.56,30.35,28.76,1,0.2253,1,0.5393,-0.1639,0.8421,0.9865,6.704,0.435
1Zb102pg,2026-08-24T07:00:00+00:00,12,26.881,25.931,26.746,30.02,27.859,1,0.6434,1,0.0305,-0.1771,-0.9995,0.9842,1.868,0.473
1Zb102pg,2026-08-24T08:00:00+00:00,12,26.816,25.848,26.705,29.98,27.659,1,0.2411,1,0.0299,-0.1821,-0.9996,0.9833,1.319,0.465
1Zb102pg,2026-08-24T09:00:00+00:00,12,26.965,25.707,27.027,30.29,27.337,0,0.242,1,0.0296,-0.2127,-0.9996,0.9771,0.0,0.456
1Zb102pg,2026-08-24T10:00:00+00:00,12,26.426,25.24,27.44,28.98,26.296,0,0.2415,1,0.0795,-0.3049,-0.9968,0.9524,0.0,0.409
1Zb102pg,2026-08-24T11:00:00+00:00,12,26.266,25.521,28.233,28.56,26.607,1,0.2411,1,-0.0039,-0.3609,-1.0,0.9326,0.11,0.389
1Zb102pg,2026-08-24T12:00:00+00:00,12,26.409,25.911,29.337,28.9,27.945,1,0.2371,1,-0.0038,-0.4955,-1.0,0.8686,0.11,0.352
1Zb102pg,2026-08-24T13:00:00+00:00,12,26.529,25.916,30.237,29.21,27.899,0,0.2216,1,-0.0037,0.2767,-1.0,-0.961,0.0,0.283
1Zb102pg,2026-08-24T14:00:00+00:00,12,26.667,25.882,31.32,29.47,27.78,1,0.2062,1,-0.0037,-0.7081,-1.0,-0.7061,0.11,0.223
1Zb102pg,2026-08-24T15:00:00+00:00,12,26.677,25.82,32.217,29.57,27.652,0,0.6071,1,-0.0038,0.0864,-1.0,-0.9963,0.0,0.201
1Zb102pg,2026-08-24T16:00:00+00:00,12,26.6,24.518,29.898,29.37,25.469,1,0.1757,0,-0.0027,-0.1371,-1.0,-0.9906,0.22,0.168
1Zb102pg,2026-08-24T17:00:00+00:00,12,26.648,24.363,29.165,29.48,25.413,0,0.5846,1,-0.0033,-0.1195,-1.0,-0.9928,0.0,0.194
1Zb102pg,2026-08-24T18:00:00+00:00,12,26.502,24.285,27.026,29.17,25.249,0,0.5804,1,-0.0035,0.557,-1.0,0.8305,0.0,0.223
1Zb102pg,2026-08-24T19:00:00+00:00,12,26.705,24.479,26.881,29.68,25.441,0,0.5921,1,-0.0033,0.0561,-1.0,-0.9984,0.0,0.259
1Zb102pg,2026-08-24T20:00:00+00:00,12,26.75,24.711,26.816,29.81,25.704,0,0.6092,1,-0.0037,0.1026,-1.0,-0.9947,0.0,0.312
1Zb102pg,2026-08-24T21:00:00+00:00,12,26.745,25.255,26.965,29.81,26.243,0,0.1968,0,-0.0036,0.1334,-1.0,-0.9911,0.0,0.308
1Zb102pg,2026-08-24T22:00:00+00:00,12,27.179,25.615,26.426,30.85,26.577,0,0.1851,0,-0.0036,0.2755,-1.0,-0.9613,0.0,0.305
1Zb102pg,2026-08-24T23:00:00+00:00,12,27.958,25.833,26.266,32.52,27.562,0,0.5992,1,0.0327,0.246,-0.9995,-0.9693,0.0,0.351
1Zb102pg,2026-08-25T00:00:00+00:00,12,28.953,26.447,26.409,34.0,28.956,0,0.6086,1,0.9299,0.3169,-0.3678,-0.9485,0.0,0.384
1Zb102pg,2026-08-25T01:00:00+00:00,12,29.537,27.507,26.529,35.38,31.389,0,0.1854,0,0.9022,0.3649,-0.4313,-0.9311,0.0,0.342
1Zb102pg,2026-08-25T02:00:00+00:00,12,28.881,28.082,26.667,33.79,32.585,0,0.5969,1,0.6956,0.4446,-0.7184,-0.8957,0.0,0.38
1Zb102pg,2026-08-25T03:00:00+00:00,12,30.181,28.792,26.677,36.11,34.36,0,0.1813,0,0.5463,0.4833,-0.8376,-0.8754,0.0,0.35
1Zb102pg,2026-08-25T04:00:00+00:00,12,30.741,27.842,26.6,37.06,32.156,0,0.6103,1,0.2974,0.4543,-0.9548,-0.8908,0.0,0.412
1Zb102pg,2026-08-25T05:00:00+00:00,12,29.915,27.16,26.648,35.65,30.598,0,0.2209,1,0.2104,0.3969,-0.9776,-0.9179,0.0,0.429
1Zb102pg,2026-08-25T06:00:00+00:00,12,29.466,26.689,26.502,34.81,29.665,1,0.224,1,0.1386,0.3639,-0.9903,-0.9314,0.11,0.427
1Zb102pg,2026-08-25T07:00:00+00:00,12,30.032,26.185,26.705,36.61,28.435,0,0.237,1,0.1381,0.3155,-0.9904,-0.9489,0.0,0.452
1Zb102pg,2026-08-25T08:00:00+00:00,12,29.762,25.826,26.75,35.77,27.603,0,0.234,1,0.1389,0.2592,-0.9903,-0.9658,0.0,0.433
1Zb102pg,2026-08-25T09:00:00+00:00,12,29.176,25.675,26.745,34.95,27.241,0,0.2311,1,0.1384,0.2336,-0.9904,-0.9723,0.0,0.42
1Zb102pg,2026-08-25T10:00:00+00:00,12,28.278,25.195,27.179,33.47,26.199,0,0.2499,1,0.1382,0.1434,-0.9904,-0.9897,0.0,0.431
1Zb102pg,2026-08-25T11:00:00+00:00,12,27.986,25.474,27.958,32.89,26.471,0,0.2396,1,0.1385,0.1131,-0.9904,-0.9936,0.0,0.386
1Zb102pg,2026-08-25T12:00:00+00:00,12,27.942,25.663,28.953,32.64,26.584,0,0.2362,1,0.1385,0.9234,-0.9904,-0.3838,0.0,0.351
1Zb102pg,2026-08-25T13:00:00+00:00,12,27.853,25.509,29.537,32.46,26.465,0,0.221,1,0.1385,0.8308,-0.9904,-0.5566,0.0,0.289
1Zb102pg,2026-08-25T14:00:00+00:00,12,27.551,24.835,28.881,31.84,25.745,0,0.2032,1,0.1384,0.5798,-0.9904,-0.8147,0.0,0.247
1Zb102pg,2026-08-25T15:00:00+00:00,12,27.307,25.522,30.181,31.08,26.439,0,0.2023,1,0.1384,0.3838,-0.9904,-0.9234,0.0,0.234
1Zb102pg,2026-08-25T16:00:00+00:00,12,26.982,25.677,30.741,30.4,26.604,0,0.1833,0,0.1387,0.1288,-0.9903,-0.9917,0.0,0.191
1Zb102pg,2026-08-25T17:00:00+00:00,12,27.087,25.15,29.915,30.7,26.074,0,0.1556,0,0.1389,0.0578,-0.9903,-0.9983,0.0,0.148
1Zb102pg,2026-08-25T18:00:00+00:00,12,26.763,25.047,29.466,29.86,25.957,0,0.5881,1,0.139,0.0358,-0.9903,-0.9994,0.0,0.21
1Zb102pg,2026-08-25T19:00:00+00:00,12,27.223,25.852,30.032,31.01,27.671,0,0.1795,0,0.1385,0.0417,-0.9904,-0.9991,0.0,0.203
1Zb102pg,2026-08-25T20:00:00+00:00,12,27.156,25.841,29.762,30.96,27.609,1,0.1755,0,0.1395,0.0536,-0.9902,-0.9986,2.747,0.202
1Zb102pg,2026-08-25T21:00:00+00:00,12,27.142,25.854,29.176,30.94,27.667,1,0.1841,0,0.1388,0.0955,-0.9903,-0.9954,0.22,0.233
1Zb102pg,2026-08-25T22:00:00+00:00,12,27.433,26.515,28.278,31.72,29.343,0,0.1759,0,0.1387,0.2208,-0.9903,-0.9753,0.0,0.263
1Zb102pg,2026-08-25T23:00:00+00:00,12,28.683,26.841,27.986,34.41,30.423,0,0.1734,0,0.1392,0.2907,-0.9903,-0.9568,0.0,0.277
1Zb102pg,2026-08-26T00:00:00+00:00,12,31.156,27.309,27.942,39.23,31.189,0,0.1822,0,0.1374,0.3732,-0.9905,-0.9277,0.0,0.314
1Zb102pg,2026-08-26T01:00:00+00:00,12,32.385,27.826,27.853,40.41,32.308,0,0.1818,0,0.1374,0.4394,-0.9905,-0.8983,0.0,0.325
1Zb102pg,2026-08-26T02:00:00+00:00,12,33.043,28.216,27.551,42.48,33.318,0,0.1768,0,0.1374,0.4946,-0.9905,-0.8691,0.0,0.32
2Dpo5DAK,2026-08-17T09:00:00+00:00,12,28.5,24.995,24.432,33.0,26.085,1,0.6659,1,0.028,0.6214,-0.9996,0.7835,5.275,0.51
2Dpo5DAK,2026-08-17T10:00:00+00:00,12,28.5,23.301,24.734,33.0,24.298,1,0.7036,1,-0.1222,-0.9524,0.9925,0.3048,0.769,0.565
2Dpo5DAK,2026-08-17T11:00:00+00:00,12,28.5,23.334,24.691,33.0,24.334,1,0.7006,1,-0.9324,-0.2558,0.3613,-0.9667,0.33,0.55
2Dpo5DAK,2026-08-17T12:00:00+00:00,12,28.5,22.997,24.762,33.0,23.963,1,0.6981,1,-0.4144,0.1205,0.9101,0.9927,0.11,0.529
2Dpo5DAK,2026-08-17T13:00:00+00:00,12,28.5,23.758,24.82,33.0,24.8,1,0.2293,1,0.9381,0.2706,-0.3464,0.9627,0.33,0.382
2Dpo5DAK,2026-08-18T14:00:00+00:00,12,28.5,26.579,28.5,33.0,28.912,1,0.3013,1,0.5409,0.1746,0.8411,-0.9846,3.956,0.584
2Dpo5DAK,2026-08-18T15:00:00+00:00,12,28.5,26.367,28.5,33.0,28.507,1,0.3336,1,0.9992,-0.8863,0.0405,-0.4631,7.363,0.664
2Dpo5DAK,2026-08-18T16:00:00+00:00,12,28.5,26.528,28.5,33.0,28.813,1,0.2917,1,0.9619,0.97,-0.2733,-0.2431,33.52,0.546
2Dpo5DAK,2026-08-18T17:00:00+00:00,12,28.5,26.651,28.5,33.0,29.044,1,0.2812,1,0.7585,-0.9991,-0.6516,-0.0415,10.66,0.532
2Dpo5DAK,2026-08-18T18:00:00+00:00,12,28.5,26.454,28.5,33.0,28.671,1,0.6966,1,0.9438,-0.0614,-0.3305,-0.9981,3.737,0.552
2Dpo5DAK,2026-08-18T19:00:00+00:00,12,28.5,26.241,28.5,33.0,28.254,1,0.6657,1,-0.9458,0.3377,-0.3247,0.9412,19.892,0.474
2Dpo5DAK,2026-08-18T20:00:00+00:00,12,28.5,26.407,28.5,33.0,28.578,1,0.2673,1,0.9731,-0.6248,-0.2302,0.7808,28.024,0.485
2Dpo5DAK,2026-08-18T21:00:00+00:00,12,28.5,26.497,28.5,33.0,28.757,1,0.6776,1,-0.3731,-0.5788,-0.9278,-0.8155,9.232,0.497
2Dpo5DAK,2026-08-18T22:00:00+00:00,12,28.5,27.169,28.5,33.0,30.016,1,0.6397,1,-0.8249,-0.9021,0.5652,-0.4316,0.879,0.429
2Dpo5DAK,2026-08-18T23:00:00+00:00,12,28.5,27.373,28.5,33.0,30.383,1,0.6668,1,0.6447,-0.6484,0.7645,-0.7613,0.11,0.508
2Dpo5DAK,2026-08-19T00:00:00+00:00,12,28.5,27.363,28.5,33.0,30.375,1,0.6694,1,0.2138,-0.9069,-0.9769,-0.4213,0.33,0.506
2Dpo5DAK,2026-08-19T01:00:00+00:00,12,28.5,27.411,28.5,33.0,30.468,1,0.6805,1,-0.9589,0.545,-0.2838,-0.8385,1.758,0.529
2Dpo5DAK,2026-08-19T02:00:00+00:00,12,28.5,26.784,28.5,33.0,29.298,1,0.7063,1,-0.995,0.5335,0.1,0.8458,14.617,0.605
2Dpo5DAK,2026-08-19T03:00:00+00:00,12,28.5,27.159,28.5,33.0,30.0,1,0.6842,1,0.6519,0.9512,0.7583,0.3087,0.33,0.539
2Dpo5DAK,2026-08-19T04:00:00+00:00,12,28.5,27.99,28.5,33.0,31.557,1,0.7184,1,-0.9943,0.9905,-0.1067,0.1376,0.549,0.591
2Dpo5DAK,2026-08-19T05:00:00+00:00,12,28.5,26.758,28.5,33.0,29.267,1,0.7454,1,0.5056,0.9651,0.8628,-0.2618,0.11,0.681
2Dpo5DAK,2026-08-19T06:00:00+00:00,12,28.5,26.267,28.5,33.0,28.314,1,0.7722,1,-0.8573,0.9988,-0.5148,0.0481,2.747,0.765
2Dpo5DAK,2026-08-19T07:00:00+00:00,12,28.5,26.291,28.5,33.0,28.363,0,0.8001,1,-0.6511,-0.9857,-0.759,0.1685,0.0,0.838
2Dpo5DAK,2026-08-19T08:00:00+00:00,12,28.5,26.73,28.5,33.0,29.223,0,0.823,1,-0.9979,0.976,-0.064,0.2179,0.0,0.882
2Dpo5DAK,2026-08-19T09:00:00+00:00,12,28.5,26.081,28.5,33.0,27.954,0,0.8217,1,-0.5867,-0.2083,-0.8098,-0.9781,0.0,0.912
2Dpo5DAK,2026-08-19T10:00:00+00:00,12,28.5,25.282,28.5,33.0,26.109,0,0.8321,1,-0.5613,-0.5246,-0.8276,0.8513,0.0,0.951
2Dpo5DAK,2026-08-19T11:00:00+00:00,12,28.5,25.3,28.5,33.0,26.126,0,0.8292,1,0.5524,0.6088,0.8336,0.7933,0.0,0.947
2Dpo5DAK,2026-08-19T12:00:00+00:00,12,28.5,25.845,28.5,33.0,27.477,0,0.8384,1,-0.1686,0.7298,0.9857,-0.6837,0.0,0.97
2Dpo5DAK,2026-08-19T13:00:00+00:00,12,28.5,25.534,28.5,33.0,26.363,1,0.8455,1,-0.5236,-0.9667,-0.852,0.2561,3.407,0.977
2Dpo5DAK,2026-08-19T14:00:00+00:00,12,28.5,25.493,28.5,33.0,26.325,1,0.8558,1,-0.506,-0.7788,-0.8625,0.6272,0.11,1.002
2Dpo5DAK,2026-08-19T15:00:00+00:00,12,28.5,25.64,28.5,33.0,26.469,0,0.8215,1,0.0354,0.6121,-0.9994,0.7908,0.0,0.908
2Dpo5DAK,2026-08-19T16:00:00+00:00,12,28.5,25.929,28.5,33.0,27.645,1,0.8256,1,0.7616,-0.896,-0.6481,0.444,0.879,0.905
2Dpo5DAK,2026-08-19T17:00:00+00:00,12,28.5,25.666,28.5,33.0,26.494,1,0.805,1,-0.8338,0.5113,-0.5521,0.8594,3.077,0.863
2Dpo5DAK,2026-08-19T18:00:00+00:00,12,28.5,25.753,28.5,33.0,26.583,1,0.8168,1,-0.3942,-0.9851,-0.919,-0.1722,3.187,0.88
2Dpo5DAK,2026-08-19T19:00:00+00:00,12,28.5,26.779,28.5,33.0,29.292,0,0.3305,1,-0.6806,-0.7466,-0.7327,-0.6653,0.0,0.651
2Dpo5DAK,2026-08-19T20:00:00+00:00,12,28.5,26.788,28.5,33.0,29.311,1,0.3208,1,0.8401,-0.9326,0.5425,0.361,0.11,0.621
2Dpo5DAK,2026-08-19T21:00:00+00:00,12,28.5,26.98,28.5,33.0,29.667,1,0.3038,1,0.2222,-0.6395,-0.975,-0.7688,0.659,0.604
2Dpo5DAK,2026-08-19T22:00:00+00:00,12,28.5,27.651,28.5,33.0,30.88,1,0.2795,1,0.6183,-0.611,-0.7859,-0.7917,0.11,0.563
2Dpo5DAK,2026-08-19T23:00:00+00:00,12,28.5,27.378,28.5,33.0,30.377,0,0.2881,1,-0.739,0.538,-0.6737,0.843,0.0,0.591
2Dpo5DAK,2026-08-20T00:00:00+00:00,12,28.5,27.551,28.5,33.0,30.687,0,0.2837,1,-0.9322,0.0553,-0.362,0.9985,0.0,0.581
2Dpo5DAK,2026-08-20T01:00:00+00:00,12,28.5,27.991,28.5,33.0,31.496,1,0.6893,1,-0.5172,-0.5496,0.8559,-0.8354,0.22,0.581
2Dpo5DAK,2026-08-20T02:00:00+00:00,12,28.5,28.742,28.5,33.0,32.867,1,0.6898,1,-0.8428,-0.5226,-0.5383,-0.8526,0.11,0.602
2Dpo5DAK,2026-08-20T03:00:00+00:00,12,28.5,27.94,28.5,33.0,31.384,0,0.2707,1,-0.9803,0.4644,-0.1975,-0.8856,0.0,0.549
2Dpo5DAK,2026-08-20T04:00:00+00:00,12,28.5,27.971,28.5,33.0,31.452,0,0.6748,1,-0.9665,0.9802,0.2567,-0.1978,0.0,0.547
2Dpo5DAK,2026-08-20T05:00:00+00:00,12,28.5,27.304,28.5,33.0,30.256,0,0.7056,1,-0.9845,-0.974,0.1755,-0.2266,0.0,0.612
2Dpo5DAK,2026-08-20T06:00:00+00:00,12,28.5,27.545,28.5,33.0,30.688,0,0.6711,1,-0.9239,-0.2986,0.3827,-0.9544,0.0,0.527
2Dpo5DAK,2026-08-20T07:00:00+00:00,12,28.5,27.863,28.5,33.0,31.245,0,0.24,1,-0.7768,-0.7959,0.6298,-0.6054,0.0,0.467
2Dpo5DAK,2026-08-20T08:00:00+00:00,12,28.5,27.121,28.5,33.0,29.909,0,0.6654,1,-0.7764,0.7635,0.6302,0.6458,0.0,0.52
2Dpo5DAK,2026-08-20T09:00:00+00:00,12,28.5,27.011,28.5,33.0,29.719,0,0.6946,1,-0.9773,0.579,-0.2118,-0.8153,0.0,0.572
2Dpo5DAK,2026-08-20T10:00:00+00:00,12,28.5,26.435,28.5,33.0,28.637,0,0.7185,1,-0.1945,0.8634,-0.9809,-0.5044,0.0,0.614
2Dpo5DAK,2026-08-20T11:00:00+00:00,12,28.5,26.494,28.5,33.0,28.75,0,0.2901,1,-0.6577,-0.8159,-0.7533,-0.5781,0.0,0.538
2Dpo5DAK,2026-08-20T12:00:00+00:00,12,28.5,26.313,28.5,33.0,28.402,0,0.2813,1,0.962,-0.9847,-0.2731,-0.174,0.0,0.51
2Dpo5DAK,2026-08-20T13:00:00+00:00,12,28.5,26.086,28.5,33.0,27.951,0,0.6891,1,-0.7326,-0.3358,-0.6807,0.9419,0.0,0.524
2Dpo5DAK,2026-08-20T14:00:00+00:00,12,28.5,26.123,28.5,33.0,28.028,0,0.6781,1,-0.8776,-0.8965,-0.4794,-0.443,0.0,0.486
2Dpo5DAK,2026-08-20T15:00:00+00:00,12,28.5,26.259,28.5,33.0,28.294,0,0.2583,1,-0.468,-0.9994,-0.8837,-0.0351,0.0,0.442
2Dpo5DAK,2026-08-20T16:00:00+00:00,12,28.5,26.241,28.5,33.0,28.258,0,0.2389,1,-0.6285,-0.9162,-0.7778,0.4008,0.0,0.39
2Dpo5DAK,2026-08-20T17:00:00+00:00,12,28.5,26.922,28.5,33.0,29.563,1,0.191,0,-0.4852,-0.9401,-0.8744,0.3408,0.659,0.305
2Dpo5DAK,2026-08-20T18:00:00+00:00,12,28.5,26.488,28.5,33.0,28.737,0,0.2216,1,0.3064,-0.8498,-0.9519,0.527,0.0,0.361
2Dpo5DAK,2026-08-20T19:00:00+00:00,12,28.5,26.752,28.5,33.0,29.24,0,0.1794,0,-0.9873,-0.6985,-0.1591,0.7156,0.0,0.274
2Dpo5DAK,2026-08-20T20:00:00+00:00,12,28.5,26.624,28.5,33.0,28.995,0,0.2025,1,-0.5661,-0.6763,-0.8244,0.7366,0.0,0.321
2Dpo5DAK,2026-08-20T21:00:00+00:00,12,28.5,26.927,28.5,33.0,29.569,0,0.2081,1,-0.932,-0.9994,-0.3625,-0.0355,0.0,0.348
2Dpo5DAK,2026-08-20T22:00:00+00:00,12,28.5,28.062,28.5,33.0,31.625,0,0.1836,0,0.0261,-0.0477,-0.9997,-0.9989,0.0,0.314
2Dpo5DAK,2026-08-20T23:00:00+00:00,12,28.5,28.148,28.5,33.0,31.77,1,0.2076,1,-0.3949,-0.7412,-0.9187,-0.6713,0.33,0.378
2Dpo5DAK,2026-08-21T00:00:00+00:00,12,28.5,27.947,28.5,33.0,31.408,0,0.2161,1,-0.8639,0.9986,-0.5037,0.0525,0.0,0.398
2Dpo5DAK,2026-08-21T01:00:00+00:00,12,28.5,28.229,28.5,33.0,31.914,1,0.2178,1,-0.9996,-0.8545,-0.0267,-0.5195,0.11,0.407
2Dpo5DAK,2026-08-21T02:00:00+00:00,12,28.5,28.53,28.5,33.0,32.458,0,0.2063,1,-0.6316,-0.9867,-0.7753,-0.1627,0.0,0.381
2Dpo5DAK,2026-08-21T03:00:00+00:00,12,28.5,28.283,28.5,33.0,32.012,0,0.2267,1,-0.9511,-0.4401,0.3089,-0.898,0.0,0.43
2Dpo5DAK,2026-08-21T04:00:00+00:00,12,28.5,29.64,28.5,33.0,34.513,0,0.1823,0,-0.9146,-0.7357,0.4043,-0.6773,0.0,0.333
2Dpo5DAK,2026-08-21T05:00:00+00:00,12,28.5,27.673,28.5,33.0,30.916,0,0.6551,1,-0.8696,-0.4691,0.4938,-0.8832,0.0,0.494
2Dpo5DAK,2026-08-21T06:00:00+00:00,12,28.5,28.076,28.5,33.0,31.64,0,0.2609,1,-0.8406,0.7239,0.5417,-0.6899,0.0,0.51
2Dpo5DAK,2026-08-21T07:00:00+00:00,12,28.5,27.901,28.5,33.0,31.32,0,0.2361,1,-0.7153,-0.9649,0.6989,0.2626,0.0,0.452
2Dpo5DAK,2026-08-21T08:00:00+00:00,12,28.5,27.621,28.5,33.0,30.826,0,0.251,1,-0.614,-0.6067,0.7893,-0.7949,0.0,0.478
2Dpo5DAK,2026-08-21T09:00:00+00:00,12,28.5,26.918,28.5,33.0,29.546,0,0.2748,1,-0.947,-0.9979,0.3211,-0.0654,0.0,0.523
2Dpo5DAK,2026-08-21T10:00:00+00:00,12,28.5,26.665,28.5,33.0,29.08,0,0.2577,1,0.9304,0.2166,-0.3666,-0.9763,0.0,0.459
2Dpo5DAK,2026-08-21T11:00:00+00:00,12,28.5,26.295,28.5,33.0,28.367,0,0.6945,1,-0.9816,-0.3376,0.1908,-0.9413,0.0,0.542
2Dpo5DAK,2026-08-21T12:00:00+00:00,12,28.5,26.131,28.5,33.0,28.045,0,0.2904,1,-0.8065,-0.9258,-0.5913,-0.3781,0.0,0.521
2Dpo5DAK,2026-08-21T13:00:00+00:00,12,28.5,26.158,28.5,33.0,28.097,0,0.6627,1,-0.2691,-0.9895,-0.9631,0.1443,0.0,0.451
2Dpo5DAK,2026-08-21T14:00:00+00:00,12,28.5,26.287,28.5,33.0,28.352,0,0.2625,1,-0.9458,-0.6527,-0.3247,-0.7577,0.0,0.449
2Dpo5DAK,2026-08-21T15:00:00+00:00,12,28.5,26.266,28.5,33.0,28.309,0,0.225,1,0.8869,-0.905,-0.462,0.4253,0.0,0.362
2Dpo5DAK,2026-08-21T16:00:00+00:00,12,28.5,26.418,28.5,33.0,28.601,0,0.228,1,-0.46,-0.8332,-0.8879,0.553,0.0,0.378
2Dpo5DAK,2026-08-21T17:00:00+00:00,12,28.5,26.258,28.5,33.0,28.291,0,0.2277,1,0.3891,-0.7941,0.9212,0.6077,0.0,0.371
2Dpo5DAK,2026-08-21T18:00:00+00:00,12,28.5,26.569,28.5,33.0,28.894,0,0.1948,0,0.4723,-0.7707,-0.8815,0.6372,0.0,0.301
2Dpo5DAK,2026-08-21T19:00:00+00:00,12,28.5,26.672,28.5,33.0,29.087,0,0.1938,0,-0.9678,-0.6178,-0.2517,0.7863,0.0,0.303
2Dpo5DAK,2026-08-21T20:00:00+00:00,12,28.5,26.826,28.5,33.0,29.378,0,0.1888,0,-0.081,-0.4989,-0.9967,0.8667,0.0,0.297
2Dpo5DAK,2026-08-21T21:00:00+00:00,12,28.5,26.954,28.5,33.0,29.618,0,0.1965,0,-0.8503,-0.8664,-0.5263,0.4993,0.0,0.322
2Dpo5DAK,2026-08-21T22:00:00+00:00,12,28.5,27.597,28.5,33.0,30.787,0,0.2122,1,0.5417,0.997,-0.8406,-0.077,0.0,0.374
2Dpo5DAK,2026-08-21T23:00:00+00:00,12,28.5,27.585,28.5,33.0,30.761,0,0.2117,1,-0.9114,-0.8633,-0.4115,0.5046,0.0,0.381
2Dpo5DAK,2026-08-22T00:00:00+00:00,12,28.5,28.162,28.5,33.0,31.796,0,0.2063,1,-0.8782,-0.9213,-0.4784,-0.3889,0.0,0.372
2Dpo5DAK,2026-08-22T01:00:00+00:00,12,28.5,28.44,28.5,33.0,32.299,1,0.2053,1,-0.7167,-0.1014,-0.6973,-0.9948,0.22,0.374
2Dpo5DAK,2026-08-22T02:00:00+00:00,12,28.5,28.719,28.5,33.0,32.798,0,0.2049,1,-0.719,-0.9963,-0.695,0.086,0.0,0.384
2Dpo5DAK,2026-08-22T03:00:00+00:00,12,28.5,28.568,28.5,33.0,32.527,1,0.2128,1,-0.9094,0.9977,-0.416,-0.0677,0.11,0.399
2Dpo5DAK,2026-08-22T04:00:00+00:00,12,28.5,28.242,28.5,33.0,31.933,0,0.2407,1,-0.9883,-0.4224,-0.1525,-0.9064,0.0,0.468
2Dpo5DAK,2026-08-22T05:00:00+00:00,12,28.5,27.919,28.5,33.0,31.344,0,0.2408,1,-0.9838,0.4259,-0.1793,0.9048,0.0,0.473
2Dpo5DAK,2026-08-22T06:00:00+00:00,12,28.5,28.747,28.5,33.0,32.853,0,0.2117,1,-0.7985,0.8251,-0.6021,-0.5649,0.0,0.396
2Dpo5DAK,2026-08-22T07:00:00+00:00,12,28.5,27.913,28.5,33.0,31.344,0,0.2416,1,-0.9918,-0.9856,-0.1281,0.1691,0.0,0.467
2Dpo5DAK,2026-08-22T08:00:00+00:00,12,28.5,28.02,28.5,33.0,31.536,0,0.2392,1,-0.8519,0.228,-0.5237,-0.9737,0.0,0.46
2Dpo5DAK,2026-08-22T09:00:00+00:00,12,28.5,27.034,28.5,33.0,29.762,0,0.2712,1,0.2697,-0.9561,-0.9629,-0.293,0.0,0.523
2Dpo5DAK,2026-08-22T10:00:00+00:00,12,28.5,26.408,28.5,33.0,28.585,0,0.2824,1,-0.9216,0.7576,-0.3881,-0.6527,0.0,0.518
2Dpo5DAK,2026-08-22T11:00:00+00:00,12,28.5,26.251,28.5,33.0,28.281,0,0.2673,1,-0.9673,-0.961,-0.2538,-0.2767,0.0,0.47
2Dpo5DAK,2026-08-22T12:00:00+00:00,12,28.5,26.259,28.5,33.0,28.296,0,0.2503,1,-0.9617,-0.9219,-0.2739,-0.3875,0.0,0.424
2Dpo5DAK,2026-08-22T13:00:00+00:00,12,28.5,25.945,28.5,33.0,27.676,0,0.6857,1,-0.3712,-0.7496,0.9286,-0.6618,0.0,0.487
2Dpo5DAK,2026-08-22T14:00:00+00:00,12,28.5,26.189,28.5,33.0,28.16,0,0.2622,1,0.3632,-0.7526,0.9317,-0.6584,0.0,0.449
2Dpo5DAK,2026-08-22T15:00:00+00:00,12,28.5,26.001,28.5,33.0,27.788,0,0.6739,1,-0.9597,-0.9497,0.2812,-0.3133,0.0,0.469
2Dpo5DAK,2026-08-22T16:00:00+00:00,12,28.5,26.243,28.5,33.0,28.263,0,0.2336,1,-0.8425,-0.9993,0.5387,-0.0387,0.0,0.384
2Dpo5DAK,2026-08-22T17:00:00+00:00,12,28.5,26.147,28.5,33.0,28.076,0,0.2523,1,-0.589,-0.9987,-0.8081,-0.0502,0.0,0.421
2Dpo5DAK,2026-08-22T18:00:00+00:00,12,28.5,26.498,28.5,33.0,28.76,0,0.2247,1,-0.7321,-0.836,-0.6812,-0.5488,0.0,0.37
2Dpo5DAK,2026-08-22T19:00:00+00:00,12,28.5,26.563,28.5,33.0,28.885,0,0.2129,1,-0.5251,-1.0,-0.851,-0.0006,0.0,0.344
2Dpo5DAK,2026-08-22T20:00:00+00:00,12,28.5,26.343,28.5,33.0,28.458,0,0.2566,1,-0.3925,-0.9059,-0.9197,-0.4236,0.0,0.446
2Dpo5DAK,2026-08-22T21:00:00+00:00,12,28.5,26.729,28.5,33.0,29.199,0,0.2416,1,-0.8081,0.4751,-0.589,-0.8799,0.0,0.423
2Dpo5DAK,2026-08-22T22:00:00+00:00,12,28.5,27.248,28.5,33.0,30.154,0,0.2347,1,-0.8881,-0.9907,-0.4596,-0.136,0.0,0.432
2Dpo5DAK,2026-08-22T23:00:00+00:00,12,28.5,27.491,28.5,33.0,30.591,0,0.2415,1,-0.7957,-0.9951,-0.6057,0.0988,0.0,0.456
2Dpo5DAK,2026-08-23T00:00:00+00:00,12,28.5,28.051,28.5,33.0,31.589,0,0.2277,1,-0.9566,-0.9919,-0.2914,0.1267,0.0,0.432
2Dpo5DAK,2026-08-23T01:00:00+00:00,12,28.5,28.506,28.5,33.0,32.402,0,0.2099,1,-0.909,-0.1116,-0.4168,0.9938,0.0,0.399
2Dpo5DAK,2026-08-23T02:00:00+00:00,12,28.5,27.283,28.5,33.0,30.204,0,0.2615,1,0.4682,0.4074,-0.8836,0.9133,0.0,0.51
2Dpo5DAK,2026-08-23T03:00:00+00:00,12,28.5,28.437,28.5,33.0,32.282,0,0.2253,1,-0.834,-0.7272,-0.5518,0.6865,0.0,0.431
2Dpo5DAK,2026-08-23T04:00:00+00:00,12,28.5,27.893,28.5,33.0,31.303,0,0.2373,1,-0.9835,-0.5646,0.181,0.8253,0.0,0.452
2Dpo5DAK,2026-08-23T05:00:00+00:00,12,28.5,27.934,28.5,33.0,31.386,0,0.244,1,-0.8002,-0.6517,0.5997,-0.7585,0.0,0.463
2Dpo5DAK,2026-08-23T06:00:00+00:00,12,28.5,28.021,28.5,33.0,31.539,0,0.2356,1,-0.7879,-0.8609,-0.6158,-0.5087,0.0,0.45
2Dpo5DAK,2026-08-23T07:00:00+00:00,12,28.5,27.811,28.5,33.0,31.163,0,0.2488,1,-0.7242,-0.5409,-0.6896,-0.8411,0.0,0.478
2Dpo5DAK,2026-08-23T08:00:00+00:00,12,28.5,27.272,28.5,33.0,30.199,0,0.2491,1,-0.9052,-0.3204,-0.425,-0.9473,0.0,0.465
2Dpo5DAK,2026-08-23T09:00:00+00:00,12,28.5,26.979,28.5,33.0,29.661,0,0.2636,1,0.9034,-0.9094,0.4287,-0.416,0.0,0.495
2Dpo5DAK,2026-08-23T10:00:00+00:00,12,28.5,26.465,28.5,33.0,28.696,0,0.264,1,-0.266,-0.9514,-0.964,-0.308,0.0,0.477
2Dpo5DAK,2026-08-23T11:00:00+00:00,12,28.5,26.518,28.5,33.0,28.799,0,0.2405,1,0.9742,-0.8455,-0.2257,-0.534,0.0,0.414
2Dpo5DAK,2026-08-23T12:00:00+00:00,12,28.5,26.165,28.5,33.0,28.112,0,0.2489,1,-0.9145,-0.9835,-0.4045,-0.181,0.0,0.417
2Dpo5DAK,2026-08-23T13:00:00+00:00,12,28.5,26.136,28.5,33.0,28.053,0,0.2473,1,0.9898,-0.9433,0.1422,-0.3318,0.0,0.408
2Dpo5DAK,2026-08-23T14:00:00+00:00,12,28.5,26.494,28.5,33.0,28.754,1,0.2128,1,-0.7833,0.5821,-0.6216,-0.8131,2.638,0.333
2Dpo5DAK,2026-08-23T15:00:00+00:00,12,28.5,26.25,28.5,33.0,28.278,0,0.2157,1,-0.492,-0.8546,-0.8706,-0.5193,0.0,0.335
2Dpo5DAK,2026-08-23T16:00:00+00:00,12,28.5,26.34,28.5,33.0,28.452,0,0.1929,0,-0.5089,-0.9682,-0.8608,0.2501,0.0,0.291
2Dpo5DAK,2026-08-23T17:00:00+00:00,12,28.5,26.582,28.5,33.0,28.918,0,0.1858,0,0.7164,-0.7328,-0.6976,0.6805,0.0,0.284
2Dpo5DAK,2026-08-23T18:00:00+00:00,12,28.5,26.593,28.5,33.0,28.942,0,0.1909,0,-0.4685,-0.8085,-0.8835,-0.5885,0.0,0.293
2Dpo5DAK,2026-08-23T19:00:00+00:00,12,28.5,26.828,28.5,33.0,29.389,1,0.1861,0,-0.9999,-0.7478,-0.0156,-0.6639,0.11,0.289
2Dpo5DAK,2026-08-23T20:00:00+00:00,12,28.5,26.85,28.5,33.0,29.429,0,0.1977,0,-0.5857,-0.9466,-0.8105,-0.3225,0.0,0.321
2Dpo5DAK,2026-08-23T21:00:00+00:00,12,28.5,26.783,28.5,33.0,29.299,0,0.208,1,-0.6657,0.8624,0.7462,0.5062,0.0,0.35
2Dpo5DAK,2026-08-23T22:00:00+00:00,12,28.5,27.708,28.5,33.0,30.992,0,0.1882,0,-0.2755,-0.1613,-0.9613,-0.9869,0.0,0.322
2Dpo5DAK,2026-08-23T23:00:00+00:00,12,28.5,27.656,28.5,33.0,30.891,0,0.211,1,-0.6268,0.9984,0.7792,0.0573,0.0,0.374
2Dpo5DAK,2026-08-24T00:00:00+00:00,12,28.5,28.129,28.5,33.0,31.734,0,0.2042,1,-0.1446,-0.995,0.9895,-0.0995,0.0,0.372
2Dpo5DAK,2026-08-24T01:00:00+00:00,12,28.5,28.818,28.5,33.0,32.972,0,0.1813,0,-0.0565,0.9238,-0.9984,0.3828,0.0,0.326
2Dpo5DAK,2026-08-24T02:00:00+00:00,12,28.5,27.79,28.5,33.0,31.127,0,0.6669,1,-0.499,-0.9308,-0.8666,-0.3656,0.0,0.524
2Dpo5DAK,2026-08-24T03:00:00+00:00,12,28.5,28.33,28.5,33.0,32.098,1,0.2541,1,-0.6415,-0.4841,-0.7671,-0.875,0.11,0.501
2Dpo5DAK,2026-08-24T04:00:00+00:00,12,28.5,28.206,28.5,33.0,31.875,0,0.2568,1,-0.8037,-0.5168,0.595,-0.8561,0.0,0.508
2Dpo5DAK,2026-08-24T05:00:00+00:00,12,28.5,27.796,28.5,33.0,31.132,0,0.2732,1,0.9927,0.9618,-0.1206,-0.2739,0.0,0.546
2Dpo5DAK,2026-08-24T06:00:00+00:00,12,28.5,27.613,28.5,33.0,30.807,1,0.2843,1,0.4312,-0.4337,-0.9022,-0.9011,35.827,0.572
2Dpo5DAK,2026-08-24T07:00:00+00:00,12,28.5,27.376,28.5,33.0,30.376,1,0.6878,1,0.4439,-0.8923,-0.8961,0.4514,0.769,0.577
2Dpo5DAK,2026-08-24T08:00:00+00:00,12,28.5,26.851,28.5,33.0,29.419,1,0.3155,1,-0.504,-0.6403,0.8637,-0.7681,1.648,0.635
2Dpo5DAK,2026-08-24T09:00:00+00:00,12,28.5,26.547,28.5,33.0,28.845,1,0.3105,1,-0.5154,-0.3976,-0.857,0.9176,0.879,0.614
2Dpo5DAK,2026-08-24T10:00:00+00:00,12,28.5,26.33,28.5,33.0,28.435,0,0.3027,1,-0.9931,-0.1573,0.1175,-0.9875,0.0,0.565
2Dpo5DAK,2026-08-24T11:00:00+00:00,12,28.5,26.107,28.5,33.0,27.996,1,0.3044,1,-0.696,-0.4253,-0.718,0.905,0.11,0.57
2Dpo5DAK,2026-08-24T12:00:00+00:00,12,28.5,25.984,28.5,33.0,27.752,1,0.2896,1,-0.4677,-0.0181,-0.8839,0.9998,0.989,0.521
2Dpo5DAK,2026-08-24T13:00:00+00:00,12,28.5,26.12,28.5,33.0,28.023,1,0.2914,1,0.3314,0.0941,-0.9435,-0.9956,0.44,0.517
2Dpo5DAK,2026-08-24T14:00:00+00:00,12,28.5,26.015,28.5,33.0,27.817,0,0.292,1,0.5007,-0.4836,-0.8656,-0.8753,0.0,0.508
2Dpo5DAK,2026-08-24T15:00:00+00:00,12,28.5,25.976,28.5,33.0,27.74,1,0.6845,1,0.6891,-0.6604,-0.7247,-0.7509,0.11,0.489
2Dpo5DAK,2026-08-24T16:00:00+00:00,12,28.5,25.914,28.5,33.0,27.613,0,0.2757,1,-0.2374,-0.6885,-0.9714,0.7252,0.0,0.475
2Dpo5DAK,2026-08-24T17:00:00+00:00,12,28.5,26.064,28.5,33.0,27.91,0,0.2719,1,-0.0496,0.9993,-0.9988,0.0366,0.0,0.471
2Dpo5DAK,2026-08-24T18:00:00+00:00,12,28.5,27.286,28.5,33.0,30.282,0,0.7072,1,-0.6634,0.7408,-0.7483,-0.6718,0.0,0.539
2Dpo5DAK,2026-08-24T19:00:00+00:00,12,28.5,26.457,28.5,33.0,28.695,0,0.6868,1,0.3222,0.6583,-0.9467,-0.7527,0.0,0.518
2Dpo5DAK,2026-08-24T20:00:00+00:00,12,28.5,26.049,28.5,33.0,27.887,0,0.7131,1,0.5801,-0.3078,-0.8145,0.9514,0.0,0.589
2Dpo5DAK,2026-08-24T21:00:00+00:00,12,28.5,26.251,28.5,33.0,28.278,1,0.6959,1,-0.1948,-0.5091,0.9808,-0.8607,0.33,0.559
2Dpo5DAK,2026-08-24T22:00:00+00:00,12,28.5,26.855,28.5,33.0,29.429,1,0.3059,1,0.6139,-0.8493,-0.7894,0.5279,4.066,0.612
2Dpo5DAK,2026-08-24T23:00:00+00:00,12,28.5,26.819,28.5,33.0,29.361,1,0.7264,1,0.51,-0.8196,-0.8602,-0.5729,5.165,0.659
2Dpo5DAK,2026-08-25T00:00:00+00:00,12,28.5,26.59,28.5,33.0,28.926,1,0.7696,1,-0.1622,-0.4207,-0.9868,-0.9072,0.44,0.779
2Dpo5DAK,2026-08-25T01:00:00+00:00,12,28.5,27.29,28.5,33.0,30.224,1,0.7134,1,-0.5208,0.7539,-0.8537,-0.657,1.978,0.639
2Dpo5DAK,2026-08-25T02:00:00+00:00,12,28.5,27.801,28.5,33.0,31.15,1,0.2965,1,-0.9907,0.8823,0.1358,-0.4707,3.077,0.598
2Dpo5DAK,2026-08-25T03:00:00+00:00,12,28.5,27.945,28.5,33.0,31.405,1,0.689,1,0.5731,0.9644,-0.8195,-0.2643,0.769,0.59
2Dpo5DAK,2026-08-25T04:00:00+00:00,12,28.5,27.819,28.5,33.0,31.179,1,0.3108,1,-0.3125,0.0914,-0.9499,-0.9958,0.769,0.651
2Dpo5DAK,2026-08-25T05:00:00+00:00,12,28.5,27.616,28.5,33.0,30.813,1,0.3084,1,0.9792,0.3779,-0.2029,-0.9258,1.209,0.642
2Dpo5DAK,2026-08-25T06:00:00+00:00,12,28.5,28.874,28.5,33.0,33.123,1,0.3278,1,-0.6344,-0.9086,-0.773,-0.4176,0.44,0.72
2Dpo5DAK,2026-08-25T07:00:00+00:00,12,28.5,27.149,28.5,33.0,29.968,0,0.3218,1,-0.1271,0.7437,-0.9919,-0.6685,0.0,0.656
2Dpo5DAK,2026-08-25T08:00:00+00:00,12,28.5,27.135,28.5,33.0,29.947,1,0.3018,1,0.9079,0.8861,-0.4192,-0.4635,0.11,0.598
2Dpo5DAK,2026-08-25T09:00:00+00:00,12,28.5,26.526,28.5,33.0,28.806,0,0.7297,1,-0.995,0.0185,-0.1,0.9998,0.0,0.673
2Dpo5DAK,2026-08-25T10:00:00+00:00,12,28.5,26.465,28.5,33.0,28.698,0,0.7225,1,0.7966,0.8645,-0.6044,-0.5027,0.0,0.611
2Dpo5DAK,2026-08-25T11:00:00+00:00,12,28.5,26.445,28.5,33.0,28.661,0,0.7213,1,-0.3519,0.7842,0.936,-0.6205,0.0,0.609
2Dpo5DAK,2026-08-25T12:00:00+00:00,12,28.5,26.091,28.5,33.0,27.969,0,0.7423,1,0.3935,0.0301,0.9193,-0.9995,0.0,0.658
2Dpo5DAK,2026-08-25T13:00:00+00:00,12,28.5,26.069,28.5,33.0,27.927,0,0.7293,1,-0.86,-0.5154,0.5102,-0.857,0.0,0.63
2Dpo5DAK,2026-08-25T14:00:00+00:00,12,28.5,25.956,28.5,33.0,27.7,1,0.7382,1,-0.7932,-0.8978,-0.6089,0.4405,0.11,0.654
2Dpo5DAK,2026-08-25T15:00:00+00:00,12,28.5,25.833,28.5,33.0,26.664,0,0.7554,1,0.2607,0.8093,-0.9654,-0.5874,0.0,0.683
2Dpo5DAK,2026-08-25T16:00:00+00:00,12,28.5,25.801,28.5,33.0,26.631,1,0.7555,1,0.7164,-0.203,0.6977,-0.9792,0.879,0.679
2Dpo5DAK,2026-08-25T17:00:00+00:00,12,28.5,25.766,28.5,33.0,26.591,1,0.7377,1,-0.6109,0.9989,-0.7917,0.0473,0.11,0.627
2Dpo5DAK,2026-08-25T18:00:00+00:00,12,28.5,25.683,28.5,33.0,26.511,0,0.7497,1,-0.3603,-0.6697,-0.9328,-0.7426,0.0,0.651
2Dpo5DAK,2026-08-25T19:00:00+00:00,12,28.5,26.353,28.5,33.0,28.478,0,0.2847,1,-0.8854,0.0256,-0.4648,-0.9997,0.0,0.513
2Dpo5DAK,2026-08-25T20:00:00+00:00,12,28.5,26.329,28.5,33.0,28.432,0,0.6954,1,-0.5206,0.9878,-0.8538,-0.1558,0.0,0.54
2Dpo5DAK,2026-08-25T21:00:00+00:00,12,28.5,26.385,28.5,33.0,28.54,0,0.2814,1,-0.8364,-0.9873,-0.5481,0.1587,0.0,0.516
2Dpo5DAK,2026-08-25T22:00:00+00:00,12,28.5,27.465,28.5,33.0,30.545,1,0.2599,1,0.3147,0.9711,0.9492,-0.2386,0.11,0.496
2Dpo5DAK,2026-08-25T23:00:00+00:00,12,28.5,27.069,28.5,33.0,29.818,0,0.2768,1,0.3866,-0.1123,0.9223,0.9937,0.0,0.544
2Dpo5DAK,2026-08-26T00:00:00+00:00,12,28.5,27.041,28.5,33.0,29.767,1,0.2648,1,-0.4127,0.4277,-0.9109,0.9039,11.979,0.505
2Dpo5DAK,2026-08-26T01:00:00+00:00,12,28.5,27.312,28.5,33.0,30.265,1,0.2701,1,0.7097,-0.5952,-0.7045,0.8036,0.11,0.525
2Dpo5DAK,2026-08-26T02:00:00+00:00,12,28.5,27.432,28.5,33.0,30.48,0,0.6955,1,-0.7963,-0.9443,-0.6049,-0.3292,0.0,0.592
3nzr48bG,2026-08-17T09:00:00+00:00,12,25.237,24.539,24.885,26.06,25.659,1,0.7784,1,0.9284,-0.9367,-0.3715,0.3501,4.836,0.792
3nzr48bG,2026-08-17T10:00:00+00:00,12,25.438,23.285,24.589,26.65,24.28,1,0.7662,1,0.8979,-0.5168,-0.4402,0.8561,0.22,0.723
3nzr48bG,2026-08-17T11:00:00+00:00,12,25.71,23.721,25.086,27.44,24.759,1,0.7474,1,0.8756,-0.4577,-0.483,0.8891,0.22,0.672
3nzr48bG,2026-08-17T12:00:00+00:00,12,25.536,23.745,25.801,26.94,24.786,0,0.766,1,0.261,-0.5736,-0.9653,0.8191,0.0,0.701
3nzr48bG,2026-08-17T13:00:00+00:00,12,25.843,24.006,25.689,27.86,25.074,1,0.7632,1,-0.1154,0.114,-0.9933,0.9935,0.11,0.685
3nzr48bG,2026-08-17T14:00:00+00:00,12,26.01,23.944,25.611,28.37,25.005,0,0.7725,1,-0.0604,-0.5483,-0.9982,0.8363,0.0,0.716
3nzr48bG,2026-08-17T15:00:00+00:00,12,25.896,24.381,26.001,27.97,25.485,0,0.7684,1,0.9815,0.3091,0.1912,0.951,0.0,0.707
3nzr48bG,2026-08-17T16:00:00+00:00,12,25.46,23.93,25.563,26.71,24.99,1,0.7621,1,0.5563,0.7583,-0.831,0.6519,3.956,0.695
3nzr48bG,2026-08-17T17:00:00+00:00,12,25.763,24.306,26.36,27.61,25.404,1,0.7697,1,0.6332,0.9402,-0.774,-0.3406,0.879,0.707
3nzr48bG,2026-08-17T18:00:00+00:00,12,25.152,24.009,25.306,25.81,25.077,1,0.731,1,0.999,0.9652,0.0448,0.2615,14.177,0.608
3nzr48bG,2026-08-17T19:00:00+00:00,12,25.127,24.253,25.577,25.74,25.344,1,0.751,1,0.1659,0.9912,-0.9862,0.1322,6.264,0.654
3nzr48bG,2026-08-17T20:00:00+00:00,12,25.173,24.438,25.175,25.88,25.549,1,0.7584,1,0.5932,0.9483,-0.8051,0.3174,0.659,0.666
3nzr48bG,2026-08-17T21:00:00+00:00,12,25.2,24.285,25.237,25.96,25.38,1,0.7166,1,0.3351,0.999,-0.9422,0.0451,1.209,0.577
3nzr48bG,2026-08-17T22:00:00+00:00,12,25.23,24.994,25.438,26.06,26.132,1,0.7425,1,0.4639,0.9977,-0.8859,0.0677,0.22,0.666
3nzr48bG,2026-08-17T23:00:00+00:00,12,25.672,26.334,25.71,27.33,29.201,0,0.7172,1,0.5181,0.9965,-0.8553,0.083,0.0,0.625
3nzr48bG,2026-08-18T00:00:00+00:00,12,26.878,28.417,25.536,31.02,35.367,0,0.1795,0,0.455,0.8,-0.8905,-0.6001,0.0,0.315
3nzr48bG,2026-08-18T01:00:00+00:00,12,27.698,29.141,25.843,33.35,37.622,0,0.6094,1,0.734,0.5382,-0.6791,-0.8428,0.0,0.393
3nzr48bG,2026-08-18T02:00:00+00:00,12,29.023,29.456,26.01,36.14,38.553,0,0.2051,1,0.9935,0.6238,0.1138,-0.7816,0.0,0.387
3nzr48bG,2026-08-18T03:00:00+00:00,12,29.491,29.203,25.896,37.38,37.338,0,0.2001,1,0.4048,0.8531,-0.9144,0.5218,0.0,0.372
3nzr48bG,2026-08-18T04:00:00+00:00,12,28.901,28.608,25.46,35.89,35.795,0,0.6195,1,0.9938,0.9739,0.1115,-0.2268,0.0,0.408
3nzr48bG,2026-08-18T05:00:00+00:00,12,27.93,28.975,25.763,33.65,37.037,0,0.6183,1,0.9643,0.9888,-0.2648,-0.1491,0.0,0.408
3nzr48bG,2026-08-18T06:00:00+00:00,12,27.648,27.85,25.152,33.25,33.977,0,0.6247,1,0.548,0.9035,-0.8365,0.4285,0.0,0.4
3nzr48bG,2026-08-18T07:00:00+00:00,12,26.487,26.989,25.127,29.74,31.738,1,0.6483,1,0.7126,0.7414,-0.7016,-0.671,0.33,0.459
3nzr48bG,2026-08-18T08:00:00+00:00,12,26.703,27.969,25.173,30.42,34.268,0,0.6437,1,0.2518,0.9821,-0.9678,-0.1882,0.0,0.462
3nzr48bG,2026-08-18T09:00:00+00:00,12,26.706,27.105,25.2,30.41,32.011,1,0.6417,1,0.9729,0.8605,-0.2312,-0.5094,0.22,0.451
3nzr48bG,2026-08-18T10:00:00+00:00,12,26.655,25.448,25.23,30.19,26.576,1,0.6878,1,0.9198,0.8894,-0.3924,-0.4572,0.11,0.543
3nzr48bG,2026-08-18T11:00:00+00:00,12,26.913,26.1,25.672,30.99,28.557,0,0.2531,1,0.9535,0.8933,-0.3015,-0.4495,0.0,0.464
3nzr48bG,2026-08-18T12:00:00+00:00,12,26.112,25.954,26.878,28.62,28.229,1,0.279,1,0.911,0.8102,0.4125,-0.5862,0.549,0.519
3nzr48bG,2026-08-18T13:00:00+00:00,12,25.728,26.091,27.698,27.51,28.648,1,0.2608,1,0.9306,0.9117,0.3659,-0.4109,9.451,0.454
3nzr48bG,2026-08-18T14:00:00+00:00,12,25.315,26.353,29.023,26.28,29.245,1,0.2296,1,0.9223,0.9874,-0.3864,0.1584,5.715,0.348
3nzr48bG,2026-08-18T15:00:00+00:00,12,25.193,26.197,29.491,25.93,28.844,1,0.2267,1,0.813,0.3902,-0.5823,-0.9207,9.122,0.317
3nzr48bG,2026-08-18T16:00:00+00:00,12,25.17,25.798,28.901,25.87,27.694,1,0.1847,0,-0.7535,0.9997,0.6575,0.0249,6.264,0.234
3nzr48bG,2026-08-18T17:00:00+00:00,12,25.092,25.607,27.93,25.64,27.15,1,0.1597,0,0.929,0.9559,0.37,-0.2936,9.232,0.194
3nzr48bG,2026-08-18T18:00:00+00:00,12,25.523,25.524,27.648,26.9,26.907,1,0.1766,0,0.3131,0.5791,-0.9497,-0.8153,4.066,0.227
3nzr48bG,2026-08-18T19:00:00+00:00,12,25.358,24.938,26.487,26.41,26.099,1,0.5712,1,-0.4136,0.7866,0.9104,-0.6175,16.925,0.226
3nzr48bG,2026-08-18T20:00:00+00:00,12,25.077,25.464,26.703,25.58,26.72,1,0.1599,0,0.9337,0.3522,0.3579,-0.9359,33.08,0.216
3nzr48bG,2026-08-18T21:00:00+00:00,12,25.019,25.962,26.706,25.42,28.22,1,0.5714,1,0.9355,0.9995,0.3533,-0.032,7.143,0.253
3nzr48bG,2026-08-18T22:00:00+00:00,12,25.319,26.922,26.655,26.3,31.564,1,0.5565,1,0.6555,0.9931,-0.7552,-0.117,2.418,0.238
3nzr48bG,2026-08-18T23:00:00+00:00,12,25.46,27.568,26.913,26.71,33.285,1,0.156,0,0.3751,1.0,-0.927,0.001,1.319,0.243
3nzr48bG,2026-08-19T00:00:00+00:00,12,26.511,27.391,26.112,29.92,32.73,1,0.5517,1,0.3573,0.8251,-0.934,0.565,0.44,0.239
3nzr48bG,2026-08-19T01:00:00+00:00,12,27.73,27.833,25.728,33.77,34.073,0,0.5526,1,0.654,0.8307,-0.7565,0.5568,0.0,0.242
3nzr48bG,2026-08-19T02:00:00+00:00,12,27.649,27.972,25.315,33.51,34.355,0,0.5651,1,0.9548,0.9966,-0.2971,0.0829,0.0,0.276
3nzr48bG,2026-08-19T03:00:00+00:00,12,25.249,27.63,25.193,26.09,33.429,1,0.5958,1,0.7698,0.9983,-0.6383,-0.0586,29.453,0.341
3nzr48bG,2026-08-19T04:00:00+00:00,12,26.156,27.31,25.17,28.84,32.515,1,0.6062,1,0.8561,-0.3692,-0.5168,0.9294,1.209,0.372
3nzr48bG,2026-08-19T05:00:00+00:00,12,25.545,27.297,25.092,26.96,32.508,1,0.6021,1,0.6791,0.8083,0.734,0.5888,9.781,0.354
3nzr48bG,2026-08-19T06:00:00+00:00,12,25.442,26.935,25.523,26.66,31.627,1,0.64,1,0.953,0.8115,0.3029,-0.5844,8.902,0.442
3nzr48bG,2026-08-19T07:00:00+00:00,12,26.192,25.844,25.358,28.87,27.847,1,0.6916,1,0.7645,-0.0897,0.6446,0.996,0.11,0.542
3nzr48bG,2026-08-19T08:00:00+00:00,12,27.647,25.683,25.077,33.18,27.368,0,0.6972,1,0.9986,0.8171,0.053,0.5765,0.0,0.54
3nzr48bG,2026-08-19T09:00:00+00:00,12,26.77,24.667,25.019,30.55,25.8,0,0.6986,1,-0.2307,0.8315,-0.973,0.5555,0.0,0.545
3nzr48bG,2026-08-19T10:00:00+00:00,12,26.57,24.308,25.319,30.09,25.405,0,0.7282,1,0.6106,0.9451,-0.7919,-0.3268,0.0,0.616
3nzr48bG,2026-08-19T11:00:00+00:00,12,26.275,24.367,25.46,29.18,25.47,0,0.724,1,-0.4862,0.7882,-0.8739,-0.6155,0.0,0.608
3nzr48bG,2026-08-19T12:00:00+00:00,12,25.738,24.912,26.511,27.53,26.07,0,0.7624,1,-0.2411,0.7815,-0.9705,-0.6239,0.0,0.704
3nzr48bG,2026-08-19T13:00:00+00:00,12,25.642,25.894,27.73,27.25,28.072,1,0.3377,1,-0.5749,0.9117,-0.8182,-0.4109,0.549,0.636
3nzr48bG,2026-08-19T14:00:00+00:00,12,25.768,25.443,27.649,27.62,26.654,1,0.3168,1,-0.4827,0.9994,-0.8758,-0.0351,0.33,0.56
3nzr48bG,2026-08-19T15:00:00+00:00,12,25.548,24.538,25.249,26.97,25.658,0,0.6925,1,-0.278,0.9643,-0.9606,-0.2648,0.0,0.5
3nzr48bG,2026-08-19T16:00:00+00:00,12,25.677,25.16,26.156,27.36,26.343,1,0.6677,1,-0.2854,0.9833,-0.9584,-0.1818,0.22,0.47
3nzr48bG,2026-08-19T17:00:00+00:00,12,25.71,24.787,25.545,27.46,25.932,1,0.683,1,-0.8119,0.6287,0.5839,0.7777,0.11,0.495
3nzr48bG,2026-08-19T18:00:00+00:00,12,25.992,24.938,25.442,28.35,26.083,1,0.6584,1,0.9216,0.8661,-0.3882,0.4998,7.143,0.453
3nzr48bG,2026-08-19T19:00:00+00:00,12,26.35,25.485,26.192,29.23,26.662,0,0.7006,1,0.7329,0.6859,-0.6804,0.7277,0.0,0.565
3nzr48bG,2026-08-19T20:00:00+00:00,12,26.044,27.233,27.647,28.42,32.605,0,0.2489,1,0.6448,0.9422,-0.7643,0.3349,0.0,0.445
3nzr48bG,2026-08-19T21:00:00+00:00,12,26.26,25.436,26.77,29.1,26.627,0,0.2952,1,0.3621,-0.0318,-0.9321,-0.9995,0.0,0.539
3nzr48bG,2026-08-19T22:00:00+00:00,12,26.577,27.198,26.57,29.98,32.626,0,0.264,1,0.9986,0.9479,-0.0521,-0.3186,0.0,0.494
3nzr48bG,2026-08-19T23:00:00+00:00,12,28.766,27.524,26.275,36.05,33.398,0,0.23,1,0.8258,-0.4813,-0.564,-0.8765,0.0,0.422
3nzr48bG,2026-08-20T00:00:00+00:00,12,30.251,28.191,25.738,40.39,34.887,0,0.2235,1,0.7543,0.1999,-0.6566,-0.9798,0.0,0.418
3nzr48bG,2026-08-20T01:00:00+00:00,12,27.907,28.798,25.642,34.17,36.547,0,0.6184,1,0.9303,-0.7661,-0.3668,-0.6427,0.0,0.413
3nzr48bG,2026-08-20T02:00:00+00:00,12,31.274,29.295,25.768,40.86,37.871,1,0.603,1,0.9965,-0.4852,0.0832,-0.8744,0.11,0.382
3nzr48bG,2026-08-20T03:00:00+00:00,12,31.277,30.368,25.548,41.18,40.555,0,0.2163,1,0.9883,0.5409,-0.1527,-0.8411,0.0,0.435
3nzr48bG,2026-08-20T04:00:00+00:00,12,31.011,28.873,25.677,40.96,36.812,0,0.6345,1,0.9993,0.232,-0.0381,-0.9727,0.0,0.454
3nzr48bG,2026-08-20T05:00:00+00:00,12,32.053,29.386,25.71,41.98,38.356,0,0.6402,1,0.9964,-0.3166,0.0853,0.9486,0.0,0.483
3nzr48bG,2026-08-20T06:00:00+00:00,12,31.253,28.475,25.992,41.02,36.196,0,0.6648,1,0.9978,0.9815,-0.066,0.1914,0.0,0.511
3nzr48bG,2026-08-20T07:00:00+00:00,12,29.994,27.69,26.35,38.21,33.258,0,0.2253,1,0.9683,0.985,-0.2499,-0.1723,0.0,0.413
3nzr48bG,2026-08-20T08:00:00+00:00,12,30.136,28.692,26.044,38.63,36.161,0,0.22,1,0.9989,0.9839,-0.0478,-0.1789,0.0,0.408
3nzr48bG,2026-08-20T09:00:00+00:00,12,29.218,27.813,26.26,37.2,34.045,0,0.2431,1,0.9927,0.8587,-0.1203,-0.5124,0.0,0.453
3nzr48bG,2026-08-20T10:00:00+00:00,12,29.216,26.374,26.577,37.14,29.378,0,0.2576,1,0.9984,0.9591,0.0567,0.2829,0.0,0.47
3nzr48bG,2026-08-20T11:00:00+00:00,12,28.886,26.52,28.766,36.89,29.886,0,0.2924,1,0.7924,0.9436,-0.61,-0.3309,0.0,0.521
